step,x_struct_raw_left_leg_norm,x_struct_raw_right_leg_norm,x_struct_raw_torso_norm,x_struct_raw_left_leg_var,x_struct_raw_right_leg_var,x_struct_raw_torso_var,x_struct_mixed_left_leg_norm,x_struct_mixed_right_leg_norm,x_struct_mixed_torso_norm,x_struct_mixed_left_leg_var,x_struct_mixed_right_leg_var,x_struct_mixed_torso_var,x_struct_norm_left_leg_norm,x_struct_norm_right_leg_norm,x_struct_norm_torso_norm,x_struct_norm_left_leg_var,x_struct_norm_right_leg_var,x_struct_norm_torso_var,h_struct_proj_left_leg_norm,h_struct_proj_right_leg_norm,h_struct_proj_torso_norm,h_struct_proj_left_leg_var,h_struct_proj_right_leg_var,h_struct_proj_torso_var,h_struct_pre_norm_left_leg_norm,h_struct_pre_norm_right_leg_norm,h_struct_pre_norm_torso_norm,h_struct_pre_norm_left_leg_var,h_struct_pre_norm_right_leg_var,h_struct_pre_norm_torso_var,h_struct_pre_inject_left_leg_norm,h_struct_pre_inject_right_leg_norm,h_struct_pre_inject_torso_norm,h_struct_pre_inject_left_leg_var,h_struct_pre_inject_right_leg_var,h_struct_pre_inject_torso_var,h_struct_post_inject_left_leg_norm,h_struct_post_inject_right_leg_norm,h_struct_post_inject_torso_norm,h_struct_post_inject_left_leg_var,h_struct_post_inject_right_leg_var,h_struct_post_inject_torso_var
1000,5.8565473557,5.8808941841,5.8853921890,2.6183202267,2.6471035480,2.6636934280,6.2771568298,6.2906980515,6.2473039627,2.6213963032,2.6264750957,2.6158387661,4.0772476196,4.0779218674,4.0735349655,0.9778814912,0.9782068133,0.9761192203,8.8331060410,8.7773513794,8.6977109909,0.3048185706,0.3010327816,0.2958151698,15.9577674866,15.9579992294,15.9428920746,0.9947342873,0.9947632551,0.9928837419,16.1669120789,16.1667785645,16.1551914215,1.0209751129,1.0209581852,1.0194964409,16.0356292725,16.0340061188,16.0300083160,1.0044591427,1.0042556524,1.0037559271
2000,6.1301488876,6.1409974098,6.1388640404,2.8428742886,2.8653316498,2.9055514336,6.5277991295,6.5288496017,6.4629745483,2.8201239109,2.8210661411,2.8310687542,4.0537447929,4.0548152924,4.0470328331,0.9666488171,0.9671643376,0.9634881020,8.7262134552,8.6580476761,8.5464496613,0.2976363897,0.2930423319,0.2858018577,15.9500980377,15.9521522522,15.9330940247,0.9937839508,0.9940398932,0.9916709065,16.2495956421,16.2504596710,16.2354354858,1.0314469337,1.0315563679,1.0296521187,16.0561828613,16.0533714294,16.0447940826,1.0070364475,1.0066837072,1.0056103468
1000,6.0185060501,6.0216126442,6.0502848625,2.7627511024,2.7682375908,2.8003945351,6.4325380325,6.4254574776,6.3999323845,2.7667109966,2.7434976101,2.7489752769,4.0735621452,4.0742173195,4.0662446022,0.9761103392,0.9764289260,0.9726223946,8.8562622070,8.7874097824,8.7350864410,0.3063546419,0.3016923368,0.2983058691,15.9608402252,15.9610166550,15.9490938187,0.9951176047,0.9951394796,0.9936552048,16.1474952698,16.1476497650,16.1386928558,1.0185242891,1.0185437202,1.0174152851,16.0366783142,16.0352706909,16.0318565369,1.0045907497,1.0044142008,1.0039871931
2000,6.4719734192,6.4733409882,6.5048203468,2.9991521835,3.0084273815,3.0713884830,6.8444323540,6.8544893265,6.8124089241,2.9558744431,2.9637012482,2.9919724464,4.0510954857,4.0520038605,4.0405821800,0.9653812647,0.9658219218,0.9604109526,8.7481775284,8.6853237152,8.5941886902,0.2990321517,0.2948095500,0.2888802886,15.9524536133,15.9523706436,15.9360361099,0.9940761924,0.9940660596,0.9920349121,16.2176456451,16.2177391052,16.2045059204,1.0273946524,1.0274062157,1.0257323980,16.0545120239,16.0527896881,16.0420207977,1.0068278313,1.0066112280,1.0052646399
3000,5.5732932091,5.5776629448,5.5892982483,2.5572066307,2.5800395012,2.5969300270,5.9438099861,5.9589056969,5.9226880074,2.5151624680,2.5424332619,2.5324740410,4.0363717079,4.0368332863,4.0257463455,0.9584058523,0.9586366415,0.9534010291,8.7303543091,8.6768550873,8.5699386597,0.2979562581,0.2943441570,0.2874067724,15.9663953781,15.9652194977,15.9498910904,0.9958183169,0.9956720471,0.9937662482,16.2893962860,16.2884426117,16.2765445709,1.0365064144,1.0363848209,1.0348740816,16.0731601715,16.0719013214,16.0551242828,1.0091708899,1.0090121031,1.0069133043
4000,5.6723470688,5.6703243256,5.6951932907,2.6599671841,2.6568439007,2.6956176758,6.0406880379,6.0518836975,6.0021653175,2.6170670986,2.6144485474,2.6143777370,4.0155510902,4.0162239075,4.0043787956,0.9485075474,0.9488308430,0.9432846904,8.6048507690,8.5596494675,8.4377412796,0.2893183231,0.2863083184,0.2784802020,15.9600105286,15.9603843689,15.9462652206,0.9950266480,0.9950730205,0.9933190346,16.3479175568,16.3477172852,16.3369464874,1.0439683199,1.0439423323,1.0425690413,16.0817089081,16.0767192841,16.0502758026,1.0102481842,1.0096209049,1.0063185692
5000,5.8646197319,5.8715481758,5.9169306755,2.7229874134,2.7432820797,2.7936615944,6.2102527618,6.2436604500,6.2037472725,2.6737108231,2.7072598934,2.7121970654,4.0034861565,4.0060014725,3.9919505119,0.9428407550,0.9440383911,0.9374770522,8.5524406433,8.5114822388,8.3714990616,0.2858780324,0.2831732631,0.2742154002,15.9575281143,15.9572553635,15.9442911148,0.9947181344,0.9946838617,0.9930730462,16.4009761810,16.4001235962,16.3913726807,1.0507565737,1.0506464243,1.0495270491,16.0784034729,16.0737590790,16.0396823883,1.0098382235,1.0092545748,1.0050033331
6000,5.5781373978,5.5832681656,5.5946974754,2.5301983356,2.5307066441,2.5634706020,5.9449810982,5.9689517021,5.8983736038,2.5117893219,2.5113842487,2.5053586960,3.9991548061,4.0000514984,3.9853944778,0.9408442378,0.9412727952,0.9344652891,8.5712862015,8.5488700867,8.3961744308,0.2872318327,0.2858028710,0.2760524154,15.9653196335,15.9664859772,15.9561634064,0.9956903458,0.9958361387,0.9945530295,16.4608039856,16.4606113434,16.4548912048,1.0584363937,1.0584107637,1.0576757193,16.0884876251,16.0829048157,16.0437412262,1.0111117363,1.0104094744,1.0055265427
7000,6.0986938477,6.1012978554,6.1511721611,2.7702913284,2.7702460289,2.8466908932,6.4371786118,6.4507088661,6.4193086624,2.7205905914,2.7258644104,2.7701613903,3.9872927666,3.9877135754,3.9725954533,0.9352810383,0.9354836345,0.9285084009,8.5117673874,8.4758129120,8.3157691956,0.2832300961,0.2808931172,0.2707613707,15.9563598633,15.9586400986,15.9507656097,0.9945731163,0.9948568344,0.9938788414,16.5128288269,16.5128154755,16.5108394623,1.0651376247,1.0651350021,1.0648798943,16.0702705383,16.0640087128,16.0162696838,1.0088297129,1.0080435276,1.0021066666
8000,5.8157010078,5.8269429207,5.7837462425,2.6529593468,2.6775426865,2.6944470406,6.1533255577,6.1971621513,6.0703554153,2.6213815212,2.6570975780,2.6356928349,3.9830801487,3.9840722084,3.9697942734,0.9334703684,0.9339379668,0.9274259806,8.5448951721,8.5196685791,8.3710145950,0.2861391902,0.2847025692,0.2754484117,15.9692220688,15.9691181183,15.9645528793,0.9961829782,0.9961715341,0.9956051111,16.5726222992,16.5721511841,16.5722980499,1.0728675127,1.0728063583,1.0728250742,16.0805206299,16.0739116669,16.0195808411,1.0101279020,1.0092998743,1.0025401115
9000,6.2113261223,6.2106199265,6.2929997444,2.8113856316,2.8370370865,2.9014244080,6.5164923668,6.5684337616,6.5326724052,2.7665696144,2.8129985332,2.8256938457,3.9668228626,3.9700415134,3.9517848492,0.9257586598,0.9272963405,0.9188731313,8.4479179382,8.4256143570,8.2281589508,0.2791165709,0.2777123451,0.2652976811,15.9598979950,15.9587116241,15.9547214508,0.9950189590,0.9948706627,0.9943763018,16.6228332520,16.6209545135,16.6236763000,1.0793792009,1.0791325569,1.0794861317,16.0651931763,16.0592708588,15.9921255112,1.0082182884,1.0074753761,0.9991357327
10000,6.3471655846,6.3483095169,6.4014320374,2.8935060501,2.9131081104,2.9714775085,6.6611208916,6.7156805992,6.6454882622,2.8491492271,2.8974714279,2.9079260826,3.9601225853,3.9614334106,3.9426810741,0.9226439595,0.9232696295,0.9146868587,8.4179821014,8.3964986801,8.1934566498,0.2771145105,0.2757982612,0.2630459666,15.9568290710,15.9552459717,15.9590673447,0.9946345091,0.9944381714,0.9949172735,16.6774864197,16.6751308441,16.6874237061,1.0864880085,1.0861792564,1.0877811909,16.0672607422,16.0620765686,15.9811210632,1.0084909201,1.0078405142,0.9978021383
11000,6.2942104340,6.3060240746,6.3044400215,2.8526771069,2.8460340500,2.8726351261,6.6170773506,6.6493210793,6.5283818245,2.8116221428,2.8204619884,2.7940649986,3.9563529491,3.9571597576,3.9364163876,0.9209326506,0.9212918282,0.9118305445,8.3967170715,8.3767585754,8.1926574707,0.2758795023,0.2745039463,0.2631629109,15.9557924271,15.9599208832,15.9717540741,0.9945051074,0.9950181842,0.9964976907,16.7269973755,16.7292251587,16.7529869080,1.0929489136,1.0932374001,1.0963457823,16.0389270782,16.0243110657,15.9389810562,1.0049365759,1.0031052828,0.9925584197
12000,6.4032349586,6.4102034569,6.4101862907,2.8722236156,2.8880016804,2.9135060310,6.7179889679,6.7619652748,6.6413297653,2.8263878822,2.8696784973,2.8502380848,3.9537010193,3.9552280903,3.9329397678,0.9197477102,0.9204729795,0.9103216529,8.4105186462,8.3903903961,8.2020063400,0.2767648399,0.2757037580,0.2640188932,15.9570026398,15.9600238800,15.9759883881,0.9946537614,0.9950304031,0.9970293045,16.7827739716,16.7848949432,16.8153476715,1.1002497673,1.1005258560,1.1045272350,16.0219020844,16.0142593384,15.9215955734,1.0028152466,1.0018565655,0.9904292226
13000,6.4766845703,6.4800090790,6.5078382492,2.9480648041,2.9700195789,3.0122909546,6.7784614563,6.8753910065,6.7457995415,2.9265670776,2.9933536053,2.9694192410,3.9402596951,3.9457767010,3.9221413136,0.9135645032,0.9161651731,0.9053749442,8.3714561462,8.3546657562,8.1431026459,0.2745553553,0.2733616233,0.2603609860,15.9612312317,15.9592838287,15.9749917984,0.9951884151,0.9949417114,0.9969102740,16.8422527313,16.8406887054,16.8709182739,1.1080702543,1.1078571081,1.1118474007,16.0336780548,16.0179710388,15.9244213104,1.0043258667,1.0023522377,0.9908164144
14000,6.1432309151,6.1415839195,6.1489963531,2.7512719631,2.7742297649,2.7824397087,6.4735984802,6.5429534912,6.4010000229,2.7461025715,2.8072040081,2.7533910275,3.9381165504,3.9401717186,3.9185237885,0.9126695991,0.9136536717,0.9038265944,8.4148063660,8.4044876099,8.2083854675,0.2775498331,0.2770058215,0.2650054097,15.9678392410,15.9693479538,15.9933385849,0.9960078001,0.9961975813,0.9992050529,16.8994865417,16.9017105103,16.9443798065,1.1156108379,1.1159030199,1.1215592623,16.0277290344,16.0175170898,15.9008312225,1.0035929680,1.0023113489,0.9879124761
15000,5.8812971115,5.8831343651,5.9022402763,2.6765992641,2.6875066757,2.7146842480,6.2172374725,6.2794299126,6.1596274376,2.6771221161,2.7225065231,2.6889092922,3.9199173450,3.9234917164,3.8996982574,0.9042473435,0.9059432745,0.8951148391,8.3220787048,8.3356657028,8.1315517426,0.2712763548,0.2725045979,0.2597724199,15.9685325623,15.9726781845,15.9991264343,0.9960953593,0.9966130853,0.9999284744,16.9543609619,16.9587821960,17.0070419312,1.1228669882,1.1234509945,1.1298735142,16.0116767883,15.9960260391,15.8900365829,1.0015889406,0.9996346235,0.9865993857
16000,6.2748432159,6.2789602280,6.2554893494,2.8512656689,2.8311724663,2.8589274883,6.6176309586,6.6288452148,6.5030965805,2.8351883888,2.8337073326,2.8341588974,3.9308278561,3.9314055443,3.9053192139,0.9094621539,0.9097350240,0.8979007602,8.3920240402,8.3884372711,8.2019281387,0.2761673331,0.2761977911,0.2649808526,15.9635782242,15.9677658081,16.0049171448,0.9954739213,0.9959950447,1.0006607771,17.0078163147,17.0134830475,17.0797214508,1.1299581528,1.1307092905,1.1395642757,15.9568548203,15.9426822662,15.8356590271,0.9947336912,0.9929641485,0.9798749685
1000,5.9038472176,5.9134016037,5.9540510178,2.7912242413,2.7869009972,2.8654508591,6.3141446114,6.3282065392,6.3142485619,2.7805478573,2.7680659294,2.8154914379,4.0741362572,4.0743970871,4.0681471825,0.9764062762,0.9765319228,0.9735512733,8.8209657669,8.7697925568,8.7127695084,0.3040617704,0.3006344140,0.2968636751,15.9608297348,15.9597511292,15.9490537643,0.9951170087,0.9949828386,0.9936505556,16.1487693787,16.1478118896,16.1393051147,1.0186851025,1.0185643435,1.0174920559,16.0395526886,16.0374088287,16.0358867645,1.0049507618,1.0046819448,1.0044918060
2000,5.9125413895,5.9154238701,5.9241843224,2.6723330021,2.6931655407,2.7093365192,6.2898082733,6.3027443886,6.2567620277,2.6445879936,2.6635959148,2.6474080086,4.0585079193,4.0593743324,4.0491824150,0.9689570069,0.9693786502,0.9645275474,8.7748489380,8.7149572372,8.6081933975,0.3009486794,0.2969133258,0.2899363339,15.9608249664,15.9586248398,15.9424943924,0.9951191545,0.9948453307,0.9928391576,16.2276420593,16.2260856628,16.2134799957,1.0286611319,1.0284638405,1.0268676281,16.0649528503,16.0624008179,16.0535640717,1.0081371069,1.0078170300,1.0067105293
3000,4.9397225380,4.9414124489,4.9599447250,2.3256340027,2.3186941147,2.3600974083,5.3459620476,5.3600897789,5.3219990730,2.2972955704,2.2990136147,2.3014895916,4.0342693329,4.0335273743,4.0250692368,0.9573754072,0.9570212364,0.9530420303,8.6704149246,8.6346101761,8.5246219635,0.2937439978,0.2913730741,0.2842443585,15.9693078995,15.9683637619,15.9548454285,0.9961817265,0.9960646629,0.9943840504,16.2974319458,16.2960433960,16.2858943939,1.0375289917,1.0373523235,1.0360620022,16.0830745697,16.0806789398,16.0661659241,1.0104141235,1.0101130009,1.0082967281
4000,5.6949696541,5.7006354332,5.6931614876,2.5477182865,2.5703167915,2.5754797459,6.0576953888,6.0708861351,6.0054416656,2.5178349018,2.5371513367,2.5105333328,4.0309791565,4.0318102837,4.0208439827,0.9558777213,0.9562795758,0.9511423707,8.6873254776,8.6499671936,8.5010719299,0.2950928807,0.2926895618,0.2829839587,15.9651088715,15.9635047913,15.9472942352,0.9956573248,0.9954589605,0.9934431911,16.3525409698,16.3504467010,16.3385639191,1.0445576906,1.0442903042,1.0427745581,16.0954895020,16.0909328461,16.0649681091,1.0119792223,1.0114060640,1.0081571341
5000,6.2830319405,6.2875275612,6.3233671188,2.8369846344,2.8602595329,2.9054658413,6.6046628952,6.6226429939,6.5681033134,2.7636387348,2.7934503555,2.7942240238,4.0147347450,4.0154147148,4.0016403198,0.9481466413,0.9484766722,0.9420472980,8.5345163345,8.4902505875,8.3343324661,0.2845530510,0.2816635370,0.2717169523,15.9494600296,15.9485855103,15.9336814880,0.9937088490,0.9936002493,0.9917477965,16.3972816467,16.3955726624,16.3863945007,1.0502814054,1.0500621796,1.0488876104,16.0844440460,16.0809783936,16.0483379364,1.0105937719,1.0101586580,1.0060856342
6000,6.4792695045,6.4808373451,6.5135917664,3.0059957504,2.9910180569,3.0787751675,6.7979693413,6.8082475662,6.7624435425,2.9359531403,2.9208817482,2.9779305458,4.0078945160,4.0084433556,3.9930226803,0.9450206161,0.9452716112,0.9380962253,8.5092515945,8.4728555679,8.3117618561,0.2832630575,0.2809056640,0.2706670165,15.9466352463,15.9482584000,15.9378566742,0.9933611751,0.9935621023,0.9922709465,16.4515991211,16.4512042999,16.4476833344,1.0572535992,1.0572012663,1.0567492247,16.0821571350,16.0722045898,16.0384941101,1.0103120804,1.0090627670,1.0048700571
7000,5.8763222694,5.8821387291,5.8494729996,2.6521701813,2.6631143093,2.6644709110,6.2170519829,6.2282476425,6.1178584099,2.6020605564,2.6175568104,2.5793554783,3.9987132549,3.9984939098,3.9845345020,0.9407336712,0.9406354427,0.9341866970,8.5313282013,8.5193605423,8.3481960297,0.2848179936,0.2843117714,0.2733279765,15.9617862701,15.9673671722,15.9576358795,0.9952487350,0.9959453940,0.9947347641,16.5142402649,16.5173912048,16.5153636932,1.0653194189,1.0657258034,1.0654628277,16.0829868317,16.0772132874,16.0254726410,1.0104229450,1.0097004175,1.0032545328
8000,6.8455533981,6.8534183502,6.9097223282,3.2640221119,3.2832844257,3.3692133427,7.1242294312,7.1650314331,7.1117839813,3.1744835377,3.2042229176,3.2480201721,3.9803497791,3.9813671112,3.9648852348,0.9320967197,0.9325837493,0.9249746799,8.3675394058,8.3411483765,8.1581239700,0.2739411592,0.2723328769,0.2608039677,15.9400730133,15.9409799576,15.9376316071,0.9925467968,0.9926602244,0.9922441840,16.5524559021,16.5520248413,16.5574245453,1.0702582598,1.0702009201,1.0708986521,16.0714550018,16.0628185272,16.0019550323,1.0089862347,1.0079019070,1.0003412962
9000,6.6858224869,6.6819009781,6.6486363411,3.0033953190,3.0166718960,2.9905502796,6.9912290573,7.0194950104,6.8765206337,2.9599924088,2.9752237797,2.9081640244,3.9910933971,3.9936962128,3.9734799862,0.9372752309,0.9385262132,0.9291865826,8.5128545761,8.4884395599,8.2953958511,0.2840741277,0.2824308276,0.2703993618,15.9528293610,15.9546670914,15.9585008621,0.9941342473,0.9943620563,0.9948433042,16.6149330139,16.6153717041,16.6288070679,1.0783540010,1.0784078836,1.0801535845,16.0754013062,16.0604553223,15.9824733734,1.0094974041,1.0076211691,0.9979370832
10000,5.6130146980,5.6182260513,5.6413278580,2.5607819557,2.5682778358,2.6179611683,5.9402880669,5.9657268524,5.9123296738,2.5062847137,2.5275599957,2.5516245365,3.9628245831,3.9633729458,3.9470276833,0.9239950180,0.9242573977,0.9167550206,8.3912429810,8.3738470078,8.2152900696,0.2755628824,0.2745010555,0.2646753490,15.9685277939,15.9697427750,15.9770956039,0.9960914254,0.9962421060,0.9971611500,16.6722488403,16.6723423004,16.6927394867,1.0858027935,1.0858134031,1.0884716511,16.0465812683,16.0405292511,15.9793529510,1.0058785677,1.0051229000,0.9975708723
11000,6.4062805176,6.4127283096,6.4180870056,2.8683762550,2.8964090347,2.9009025097,6.7127470970,6.7471666336,6.6475596428,2.8280696869,2.8590524197,2.8279213905,3.9717226028,3.9743974209,3.9531955719,0.9282465577,0.9295264482,0.9197719693,8.4361400604,8.4528236389,8.2112541199,0.2788215280,0.2803481519,0.2646737397,15.9561138153,15.9621915817,15.9682435989,0.9945431948,0.9953029156,0.9960600138,16.7217197418,16.7268524170,16.7485752106,1.0922598839,1.0929300785,1.0957735777,16.0522212982,16.0425071716,15.9521522522,1.0066113472,1.0054035187,0.9942184687
12000,5.9773082733,5.9919033051,5.9950571060,2.8160045147,2.8478980064,2.8780086040,6.2935461998,6.3313732147,6.2378311157,2.7711071968,2.8155438900,2.8076381683,3.9443421364,3.9483220577,3.9302399158,0.9155284166,0.9174417853,0.9091501832,8.3344717026,8.3224315643,8.1603641510,0.2724047601,0.2718304098,0.2619088292,15.9619159698,15.9651746750,15.9829292297,0.9952710867,0.9956805110,0.9979022145,16.7755527496,16.7791690826,16.8130264282,1.0993041992,1.0997791290,1.1042307615,16.0357284546,16.0261001587,15.9322900772,1.0045559406,1.0033557415,0.9917775989
13000,6.0501537323,6.0643463135,6.0752220154,2.8199520111,2.8140580654,2.8595087528,6.3630480766,6.3918395042,6.3008770943,2.7688465118,2.7759084702,2.7814173698,3.9398279190,3.9416019917,3.9226844311,0.9135116339,0.9143423438,0.9056884646,8.3094434738,8.3181209564,8.1317157745,0.2706873417,0.2714638114,0.2599707842,15.9613485336,15.9667882919,15.9858074188,0.9952005148,0.9958808422,0.9982602596,16.8336181641,16.8381423950,16.8767681122,1.1069289446,1.1075247526,1.1126199961,16.0162620544,15.9972696304,15.9015188217,1.0021243095,0.9997527599,0.9879757166
14000,6.6131963730,6.6206727028,6.6361694336,3.0168056488,3.0323400497,3.0789108276,6.9140596390,6.9417591095,6.8550972939,2.9680709839,2.9972341061,3.0183899403,3.9468042850,3.9494333267,3.9263031483,0.9168072939,0.9180247188,0.9074841142,8.3534603119,8.3503961563,8.1385383606,0.2736239135,0.2734661996,0.2604503334,15.9519367218,15.9573564529,15.9823799133,0.9940233827,0.9946978688,0.9978350997,16.8809165955,16.8868885040,16.9369831085,1.1131578684,1.1139429808,1.1205830574,15.9861507416,15.9735431671,15.8709182739,0.9983814955,0.9968193769,0.9842383265
15000,6.0898323059,6.0882940292,6.1197018623,2.7763504982,2.7664995193,2.8404996395,6.4250254631,6.4202966690,6.3568043709,2.7486476898,2.7392055988,2.7876825333,3.9326782227,3.9332835674,3.9135224819,0.9102972150,0.9105654955,0.9016321301,8.3271131516,8.3387279510,8.1416683197,0.2719435394,0.2728647888,0.2608176172,15.9604473114,15.9691410065,15.9995794296,0.9950843453,0.9961694479,0.9999864101,16.9392890930,16.9472751617,17.0055847168,1.1208685637,1.1219261885,1.1296874285,15.9714698792,15.9502201080,15.8423357010,0.9965552688,0.9939117432,0.9807159901
16000,5.6798343658,5.6782960892,5.7058739662,2.6489925385,2.6709849834,2.7162332535,5.9962668419,6.0486288071,5.9523491859,2.6240050793,2.6808102131,2.6746208668,3.9083440304,3.9104568958,3.8902695179,0.8990480900,0.9000806808,0.8909064531,8.2429361343,8.2286968231,8.0490989685,0.2664887905,0.2657135427,0.2547809482,15.9664955139,15.9665985107,16.0000114441,0.9958397746,0.9958556890,1.0000464916,16.9918003082,16.9933261871,17.0509052277,1.1278284788,1.1280311346,1.1357244253,15.9789342880,15.9679822922,15.8541326523,0.9975160360,0.9961497188,0.9822090268
1000,5.9038472176,5.9134016037,5.9540510178,2.7912242413,2.7869009972,2.8654508591,6.3283352852,6.3425526619,6.3271117210,2.7914731503,2.7787904739,2.8249108791,4.0728363991,4.0731468201,4.0673704147,0.9757770896,0.9759271145,0.9731718898,8.8168315887,8.7717609406,8.7188158035,0.3037720025,0.3007625937,0.2972587049,15.9607744217,15.9606828690,15.9484577179,0.9951103330,0.9950988889,0.9935777783,16.1430873871,16.1426658630,16.1338348389,1.0179685354,1.0179153681,1.0168030262,16.0356464386,16.0337734222,16.0318298340,1.0044612885,1.0042265654,1.0039834976
2000,5.9125413895,5.9154238701,5.9241843224,2.6723330021,2.6931655407,2.7093365192,6.3112282753,6.3267374039,6.2773213387,2.6602976322,2.6805195808,2.6620557308,4.0549669266,4.0559730530,4.0464386940,0.9672593474,0.9677479267,0.9632112384,8.7650651932,8.7104387283,8.6141738892,0.3002732992,0.2965988517,0.2903284431,15.9613685608,15.9602642059,15.9425001144,0.9951869249,0.9950500727,0.9928402305,16.2209205627,16.2200069427,16.2069835663,1.0278090239,1.0276935101,1.0260456800,16.0624866486,16.0605831146,16.0511054993,1.0078277588,1.0075888634,1.0064022541
3000,4.9397225380,4.9414124489,4.9599447250,2.3256340027,2.3186941147,2.3600974083,5.3699445724,5.3840212822,5.3442807198,2.3142528534,2.3154568672,2.3172852993,4.0282173157,4.0274910927,4.0197906494,0.9545020461,0.9541553259,0.9505347610,8.6569690704,8.6276826859,8.5266027451,0.2928412557,0.2909129262,0.2843643427,15.9708023071,15.9705953598,15.9561862946,0.9963688850,0.9963433146,0.9945525527,16.2921218872,16.2912826538,16.2813167572,1.0368533134,1.0367465019,1.0354801416,16.0832805634,16.0816345215,16.0667171478,1.0104399920,1.0102334023,1.0083658695
4000,5.6949696541,5.7006354332,5.6931614876,2.5477182865,2.5703167915,2.5754797459,6.0883626938,6.1053876877,6.0357875824,2.5393846035,2.5604901314,2.5318214893,4.0245723724,4.0256071091,4.0154533386,0.9528434873,0.9533423185,0.9485881925,8.6693258286,8.6400537491,8.5024242401,0.2938625515,0.2920163870,0.2830593586,15.9662685394,15.9659919739,15.9487953186,0.9958022237,0.9957692027,0.9936302900,16.3473148346,16.3469429016,16.3355751038,1.0438902378,1.0438426733,1.0423921347,16.0991210938,16.0959453583,16.0697612762,1.0124357939,1.0120362043,1.0087575912
5000,6.2830319405,6.2875275612,6.3233671188,2.8369846344,2.8602595329,2.9054658413,6.6402935982,6.6612873077,6.6019515991,2.7898881435,2.8209805489,2.8195066452,4.0087404251,4.0095095634,3.9966917038,0.9453227520,0.9456961751,0.9397147298,8.5182428360,8.4813203812,8.3376369476,0.2834777236,0.2810795903,0.2719208598,15.9505815506,15.9509277344,15.9345607758,0.9938482046,0.9938913584,0.9918570518,16.3943843842,16.3943214417,16.3859615326,1.0499105453,1.0499016047,1.0488318205,16.0946693420,16.0935401917,16.0604705811,1.0118781328,1.0117369890,1.0076047182
6000,6.4792695045,6.4808373451,6.5135917664,3.0059957504,2.9910180569,3.0787751675,6.8370332718,6.8488421440,6.7995972633,2.9643576145,2.9502172470,3.0057566166,4.0017323494,4.0023961067,3.9880661964,0.9421237707,0.9424281120,0.9357640743,8.4897422791,8.4656858444,8.3131694794,0.2819492817,0.2804236114,0.2707234919,15.9476070404,15.9502248764,15.9373273849,0.9934818745,0.9938064814,0.9922046065,16.4510993958,16.4524860382,16.4494647980,1.0571895838,1.0573661327,1.0569775105,16.1003780365,16.0936775208,16.0588626862,1.0126013756,1.0117601156,1.0074191093
7000,5.8763222694,5.8821387291,5.8494729996,2.6521701813,2.6631143093,2.6644709110,6.2513513565,6.2641377449,6.1494903564,2.6236102581,2.6399714947,2.5990822315,3.9926881790,3.9927074909,3.9796073437,0.9379110336,0.9379274845,0.9318687916,8.5179891586,8.5221176147,8.3563385010,0.2838976979,0.2844699621,0.2738051713,15.9616670609,15.9677619934,15.9548721313,0.9952338338,0.9959942698,0.9943909049,16.5129661560,16.5186443329,16.5163040161,1.0651549101,1.0658870935,1.0655837059,16.1071205139,16.1042480469,16.0538063049,1.0134550333,1.0130974054,1.0067964792
8000,6.8455533981,6.8534183502,6.9097223282,3.2640221119,3.2832844257,3.3692133427,7.1634449959,7.2093014717,7.1483716965,3.2009572983,3.2330622673,3.2723066807,3.9770600796,3.9784955978,3.9628031254,0.9305684566,0.9312559962,0.9239942431,8.3782100677,8.3721027374,8.2053499222,0.2746115625,0.2743248343,0.2637851834,15.9372205734,15.9397783279,15.9319887161,0.9921914935,0.9925097823,0.9915415645,16.5526199341,16.5553398132,16.5593395233,1.0702791214,1.0706293583,1.0711460114,16.0983428955,16.0947608948,16.0390224457,1.0123596191,1.0119106770,1.0049629211
9000,6.6858224869,6.6819009781,6.6486363411,3.0033953190,3.0166718960,2.9905502796,7.0341453552,7.0693244934,6.9176244736,2.9864087105,3.0053617954,2.9327018261,3.9857532978,3.9888627529,3.9698779583,0.9347807765,0.9362717271,0.9274884462,8.5007658005,8.4972333908,8.3284568787,0.2832103670,0.2829603851,0.2724593282,15.9485359192,15.9521160126,15.9487295151,0.9935984612,0.9940429926,0.9936254025,16.6108722687,16.6150493622,16.6240997314,1.0778268576,1.0783659220,1.0795418024,16.1141395569,16.1052093506,16.0324478149,1.0143601894,1.0132391453,1.0041642189
10000,5.6130146980,5.6182260513,5.6413278580,2.5607819557,2.5682778358,2.6179611683,5.9843311310,6.0109610558,5.9529972076,2.5322992802,2.5537133217,2.5750949383,3.9561579227,3.9569065571,3.9416832924,0.9209524989,0.9213088751,0.9143086076,8.3768100739,8.3770647049,8.2255640030,0.2745930552,0.2746847570,0.2652566135,15.9643449783,15.9663906097,15.9656915665,0.9955675006,0.9958212972,0.9957374930,16.6641139984,16.6662864685,16.6787490845,1.0847426653,1.0850236416,1.0866483450,16.0964336395,16.0941066742,16.0368442535,1.0121308565,1.0118430853,1.0047335625
11000,6.4062805176,6.4127283096,6.4180870056,2.8683762550,2.8964090347,2.9009025097,6.7611069679,6.8000183105,6.6945896149,2.8593056202,2.8925836086,2.8571238518,3.9683444500,3.9716212749,3.9514267445,0.9267144203,0.9282820225,0.9189548492,8.4125442505,8.4464130402,8.2217149734,0.2772097588,0.2798482180,0.2652354240,15.9518413544,15.9590587616,15.9560441971,0.9940075874,0.9949080944,0.9945366383,16.7124576569,16.7203197479,16.7323570251,1.0910491943,1.0920747519,1.0936502218,16.1052856445,16.1023578644,16.0188941956,1.0132639408,1.0129075050,1.0025160313
12000,5.9773082733,5.9919033051,5.9950571060,2.8160045147,2.8478980064,2.8780086040,6.3443803787,6.3836035728,6.2862296104,2.8053545952,2.8498182297,2.8389022350,3.9414474964,3.9459252357,3.9286897182,0.9142435789,0.9163898826,0.9084519148,8.3277130127,8.3375902176,8.1887683868,0.2718237340,0.2727022767,0.2635660768,15.9567518234,15.9605607986,15.9682292938,0.9946242571,0.9951008558,0.9960643053,16.7641353607,16.7700080872,16.7916221619,1.0978077650,1.0985765457,1.1014177799,16.0990257263,16.0951347351,16.0103168488,1.0124858618,1.0120038986,1.0014687777
13000,6.0501537323,6.0643463135,6.0752220154,2.8199520111,2.8140580654,2.8595087528,6.4198341370,6.4471931458,6.3533277512,2.8089046478,2.8127725124,2.8167526722,3.9360494614,3.9380991459,3.9200000763,0.9118457437,0.9128050208,0.9044926763,8.2970457077,8.3209705353,8.1549167633,0.2697484195,0.2715265453,0.2613061666,15.9568910599,15.9630422592,15.9699010849,0.9946400523,0.9954077005,0.9962692261,16.8209133148,16.8272705078,16.8495979309,1.1052577496,1.1060928106,1.1090356112,16.0847396851,16.0722675323,15.9863710403,1.0106922388,1.0091309547,0.9984873533
14000,6.6131963730,6.6206727028,6.6361694336,3.0168056488,3.0323400497,3.0789108276,6.9764208794,7.0047645569,6.9137196541,3.0126681328,3.0410144329,3.0593144894,3.9423787594,3.9455285072,3.9231598377,0.9148403406,0.9163045883,0.9060748219,8.3253955841,8.3394241333,8.1462984085,0.2716654539,0.2726597488,0.2608026564,15.9491682053,15.9554767609,15.9651403427,0.9936739802,0.9944581985,0.9956771731,16.8688240051,16.8768997192,16.9052219391,1.1115628481,1.1126234531,1.1163760424,16.0673313141,16.0607948303,15.9688558578,1.0085185766,1.0077106953,0.9963412881
15000,6.0898323059,6.0882940292,6.1197018623,2.7763504982,2.7664995193,2.8404996395,6.4895672798,6.4824018478,6.4160480499,2.7951719761,2.7819595337,2.8289690018,3.9254970551,3.9265882969,3.9075186253,0.9071098566,0.9076061845,0.8989551663,8.2981605530,8.3264093399,8.1483650208,0.2699039280,0.2719291449,0.2610844076,15.9552793503,15.9648637772,15.9793319702,0.9944343567,0.9956288934,0.9974498749,16.9242000580,16.9346904755,16.9686985016,1.1188714504,1.1202582121,1.1247801781,16.0588874817,16.0452098846,15.9500761032,1.0074650049,1.0057605505,0.9940144420
16000,5.6798343658,5.6782960892,5.7058739662,2.6489925385,2.6709849834,2.7162332535,6.0524601936,6.1091866493,6.0059156418,2.6599385738,2.7201306820,2.7079291344,3.9002354145,3.9027988911,3.8835792542,0.8954707384,0.8967060447,0.8879592419,8.2252807617,8.2261953354,8.0678653717,0.2651727200,0.2654207349,0.2558386028,15.9589500427,15.9604558945,15.9786815643,0.9948959351,0.9950843453,0.9973740578,16.9699687958,16.9745140076,17.0085754395,1.1249330044,1.1255333424,1.1300796270,16.0991191864,16.0936527252,15.9921340942,1.0125459433,1.0118649006,0.9993085265
17000,5.9419169426,5.9501652718,5.9602303505,2.7620642185,2.7766993046,2.8000371456,6.2587480545,6.3314299583,6.2189412117,2.7481918335,2.8100266457,2.7800135612,3.9074718952,3.9086995125,3.8832561970,0.8986596465,0.8992486000,0.8876980543,8.3052644730,8.2860059738,8.0996837616,0.2705578208,0.2695293725,0.2580813169,15.9677829742,15.9687137604,16.0044727325,0.9960036278,0.9961205125,1.0006049871,17.0541782379,17.0584220886,17.1216526031,1.1361308098,1.1366965771,1.1451712847,15.9708614349,15.9522380829,15.8423843384,0.9965103865,0.9941824079,0.9807210565
18000,7.0771875381,7.0797429085,7.1231951714,3.2413377762,3.2449936867,3.3113384247,7.3995976448,7.4504170418,7.3147010803,3.2338862419,3.2676174641,3.2652587891,3.9206578732,3.9225730896,3.8944189548,0.9045901895,0.9054906964,0.8927893043,8.3102321625,8.3106651306,8.0740146637,0.2704823613,0.2705729306,0.2561939955,15.9466428757,15.9524068832,15.9943466187,0.9933658242,0.9940813184,0.9993474483,17.0490131378,17.0553989410,17.1315937042,1.1354454756,1.1362917423,1.1465113163,15.9244146347,15.9031581879,15.7788076401,0.9907266498,0.9880645275,0.9728938937
19000,6.3226294518,6.3226056099,6.3052558899,2.8084430695,2.8207085133,2.8237056732,6.6829104424,6.7033987045,6.5531845093,2.8327484131,2.8607826233,2.8177621365,3.9293720722,3.9309408665,3.9053149223,0.9087907672,0.9095218778,0.8979688883,8.4272537231,8.4293756485,8.2536869049,0.2785619497,0.2789434791,0.2684541345,15.9665498734,15.9712867737,16.0176181793,0.9958460331,0.9964362979,1.0022575855,17.0605659485,17.0665683746,17.1457786560,1.1369825602,1.1377822161,1.1484148502,15.9418191910,15.9232950211,15.7898464203,0.9929040670,0.9905851483,0.9742431641
20000,6.1038432121,6.0915150642,6.0707478523,2.7829804420,2.7607145309,2.7773339748,6.4377012253,6.4566569328,6.3153886795,2.7825231552,2.7859547138,2.7585022449,3.9220306873,3.9238097668,3.8983426094,0.9054795504,0.9063135982,0.8947741985,8.3659191132,8.4110794067,8.2358360291,0.2747240961,0.2779822350,0.2675409913,15.9670333862,15.9789199829,16.0200042725,0.9959112406,0.9973915219,1.0025521517,17.0596256256,17.0714130402,17.1431770325,1.1368581057,1.1384305954,1.1480586529,15.9254493713,15.9050292969,15.7849407196,0.9908466935,0.9882974625,0.9736078382
17000,5.5241451263,5.5232601166,5.5675978661,2.5245659351,2.5523433685,2.5940189362,5.8285236359,5.8965373039,5.8178997040,2.4939727783,2.5714132786,2.5569803715,3.8977601528,3.8999907970,3.8788249493,0.8941141367,0.8952077627,0.8855845928,8.2260065079,8.2005586624,8.0107250214,0.2651067376,0.2635208964,0.2517803311,15.9715747833,15.9686727524,16.0038452148,0.9964711666,0.9961121082,1.0005203485,17.0409126282,17.0417022705,17.1026363373,1.1343573332,1.1344622374,1.1426239014,15.9508142471,15.9464950562,15.8386468887,0.9940060973,0.9934792519,0.9803267717
18000,6.0225791931,6.0337262154,6.0303220749,2.7836656570,2.7842285633,2.8183815479,6.3383636475,6.3622198105,6.2497196198,2.7511210442,2.7673277855,2.7626461983,3.9111042023,3.9125595093,3.8903973103,0.9003700614,0.9010362029,0.8909986615,8.2531175613,8.2623243332,8.0684204102,0.2670852244,0.2677777410,0.2559938431,15.9556255341,15.9628801346,16.0044670105,0.9944865704,0.9953888059,1.0006035566,17.0322418213,17.0399684906,17.1110801697,1.1332068443,1.1342324018,1.1437597275,15.9313697815,15.9103803635,15.7897891998,0.9915727377,0.9889681935,0.9742764235
19000,6.7438988686,6.7445478439,6.7158212662,3.0507299900,3.0787472725,3.0670628548,7.0507984161,7.1227631569,6.9483618736,3.0441586971,3.1052863598,3.0373122692,3.9463069439,3.9491457939,3.9233198166,0.9169211984,0.9182840586,0.9065047503,8.4603681564,8.4995040894,8.2317533493,0.2817445695,0.2848788202,0.2678681612,15.9660243988,15.9720640182,16.0024070740,0.9957934022,0.9965525270,1.0003640652,17.0557937622,17.0659866333,17.1213798523,1.1363646984,1.1377243996,1.1451593637,15.9552450180,15.9418268204,15.7945451736,0.9946438670,0.9929964542,0.9749147296
20000,6.3052568436,6.3022708893,6.3141336441,2.8125994205,2.8133265972,2.8472158909,6.6166081429,6.6442346573,6.5310487747,2.7949600220,2.8116068840,2.8051714897,3.9306783676,3.9316005707,3.9067690372,0.9094352722,0.9098743200,0.8986290097,8.3865365982,8.3468351364,8.1400594711,0.2759345174,0.2732750475,0.2607752979,15.9635658264,15.9624528885,16.0065383911,0.9954751730,0.9953364134,1.0008690357,17.0451850891,17.0442409515,17.1208782196,1.1349341869,1.1348038912,1.1450792551,15.9185762405,15.8963947296,15.7763652802,0.9900121689,0.9872454405,0.9726366997
17000,5.5241451263,5.5232601166,5.5675978661,2.5245659351,2.5523433685,2.5940189362,5.8873314857,5.9594178200,5.8742089272,2.5327262878,2.6130537987,2.5930962563,3.8897130489,3.8924062252,3.8720684052,0.8906016350,0.8919013739,0.8826385140,8.2075700760,8.1950254440,8.0282831192,0.2637705505,0.2630570531,0.2527773380,15.9651050568,15.9636783600,15.9816761017,0.9956598282,0.9954823852,0.9977419376,17.0192203522,17.0222816467,17.0561695099,1.1314723492,1.1318759918,1.1364102364,16.0727443695,16.0731468201,15.9757242203,1.0092346668,1.0092983246,0.9972908497
18000,6.0225791931,6.0337262154,6.0303220749,2.7836656570,2.7842285633,2.8183815479,6.4038982391,6.4246053696,6.3089389801,2.7965600491,2.8081052303,2.8014385700,3.9042022228,3.9060542583,3.8849110603,0.8973344564,0.8981872201,0.8885914087,8.2253618240,8.2505378723,8.0838661194,0.2651293576,0.2668740451,0.2568258345,15.9506568909,15.9595098495,15.9823551178,0.9938617349,0.9949619770,0.9978322983,17.0125637054,17.0230693817,17.0648326874,1.1305890083,1.1319818497,1.1375693083,16.0562114716,16.0427551270,15.9332866669,1.0071470737,1.0054734945,0.9919881225
19000,6.7438988686,6.7445478439,6.7158212662,3.0507299900,3.0787472725,3.0670628548,7.1194462776,7.1969265938,7.0134472847,3.0939221382,3.1578223705,3.0813927650,3.9411723614,3.9447481632,3.9194946289,0.9146045446,0.9163092971,0.9047557712,8.4218387604,8.4740619659,8.2293329239,0.2789984643,0.2829863429,0.2674376369,15.9589490891,15.9651918411,15.9801692963,0.9949061871,0.9956876636,0.9975751638,17.0338230133,17.0439052582,17.0756683350,1.1334332228,1.1347726583,1.1390308142,16.0718898773,16.0657844543,15.9338502884,1.0091838837,1.0084468126,0.9920945168
20000,6.3052568436,6.3022708893,6.3141336441,2.8125994205,2.8133265972,2.8472158909,6.6833238602,6.7118344307,6.5929727554,2.8406960964,2.8564248085,2.8455171585,3.9246127605,3.9261374474,3.9023468494,0.9067456126,0.9074637890,0.8966639042,8.3481464386,8.3282594681,8.1455049515,0.2732433677,0.2719452381,0.2609578669,15.9589147568,15.9600162506,15.9833574295,0.9948905110,0.9950258136,0.9979623556,17.0261669159,17.0290203094,17.0729427338,1.1324018240,1.1327755451,1.1386579275,16.0458011627,16.0312843323,15.9213714600,1.0058635473,1.0040483475,0.9905142784
1000,6.0185060501,6.0216126442,6.0502848625,2.7627511024,2.7682375908,2.8003945351,6.4324574471,6.4253726006,6.3991618156,2.7667553425,2.7434463501,2.7484004498,4.0723009109,4.0729346275,4.0645589828,0.9755079150,0.9758156538,0.9718176126,8.8598442078,8.7914304733,8.7348852158,0.3066048026,0.3019687235,0.2982913852,15.9613656998,15.9617738724,15.9489860535,0.9951830506,0.9952338338,0.9936428070,16.1470184326,16.1472244263,16.1379814148,1.0184640884,1.0184901953,1.0173254013,16.0363483429,16.0351028442,16.0324020386,1.0045496225,1.0043933392,1.0040553808
2000,6.4719734192,6.4733409882,6.5048203468,2.9991521835,3.0084273815,3.0713884830,6.8401842117,6.8503193855,6.8080801964,2.9549856186,2.9627478123,2.9910492897,4.0502920151,4.0511641502,4.0392837524,0.9650037289,0.9654263854,0.9597979188,8.7417812347,8.6798715591,8.5786609650,0.2986029387,0.2944473624,0.2878440619,15.9529552460,15.9531517029,15.9364643097,0.9941385388,0.9941632748,0.9920876026,16.2179813385,16.2181549072,16.2054367065,1.0274369717,1.0274589062,1.0258492231,16.0561141968,16.0545024872,16.0446472168,1.0070285797,1.0068262815,1.0055932999
3000,5.5732932091,5.5776629448,5.5892982483,2.5572066307,2.5800395012,2.5969300270,5.9389710426,5.9544377327,5.9179282188,2.5144884586,2.5419516563,2.5320312977,4.0356302261,4.0360164642,4.0245518684,0.9580585361,0.9582524896,0.9528377056,8.7219352722,8.6691493988,8.5517625809,0.2973859310,0.2938272953,0.2861938775,15.9672451019,15.9664678574,15.9506683350,0.9959244728,0.9958279133,0.9938632250,16.2935314178,16.2927608490,16.2810974121,1.0370327234,1.0369347334,1.0354521275,16.0771427155,16.0758800507,16.0594348907,1.0096709728,1.0095118284,1.0074545145
4000,5.6723470688,5.6703243256,5.6951932907,2.6599671841,2.6568439007,2.6956176758,6.0355777740,6.0472850800,5.9976563454,2.6160111427,2.6137876511,2.6140499115,4.0151538849,4.0157694817,4.0034289360,0.9483221769,0.9486174583,0.9428375363,8.6006422043,8.5577154160,8.4273080826,0.2890366912,0.2861800492,0.2777917683,15.9608097076,15.9618730545,15.9477586746,0.9951260686,0.9952582717,0.9935045838,16.3508224487,16.3510398865,16.3409156799,1.0443395376,1.0443667173,1.0430749655,16.0849304199,16.0801868439,16.0533523560,1.0106530190,1.0100569725,1.0067051649
5000,5.8646197319,5.8715481758,5.9169306755,2.7229874134,2.7432820797,2.7936615944,6.2053079605,6.2388243675,6.1990308762,2.6726264954,2.7061619759,2.7113919258,4.0043005943,4.0067391396,3.9921071529,0.9432281256,0.9443892241,0.9375531077,8.5549373627,8.5148477554,8.3686380386,0.2860455513,0.2833997309,0.2740304172,15.9593324661,15.9597043991,15.9469499588,0.9949429631,0.9949887395,0.9934035540,16.4036445618,16.4032878876,16.3953971863,1.0510981083,1.0510516167,1.0500421524,16.0810241699,16.0766716003,16.0429344177,1.0101680756,1.0096211433,1.0054116249
6000,5.5781373978,5.5832681656,5.5946974754,2.5301983356,2.5307066441,2.5634706020,5.9406981468,5.9650454521,5.8947124481,2.5116639137,2.5115492344,2.5058624744,4.0000691414,4.0009059906,3.9856977463,0.9412767291,0.9416760206,0.9346060753,8.5722894669,8.5529136658,8.3936309814,0.2873014510,0.2860801816,0.2758876383,15.9669580460,15.9690141678,15.9590845108,0.9958947897,0.9961510301,0.9949166179,16.4632358551,16.4637298584,16.4591312408,1.0587494373,1.0588120222,1.0582209826,16.0912666321,16.0859489441,16.0472850800,1.0114617348,1.0107930899,1.0059714317
1000,6.0015158653,6.0030264854,6.0418953896,2.7708206177,2.7709245682,2.8255026340,6.4130783081,6.4196410179,6.3958868980,2.7729697227,2.7681396008,2.7837002277,4.0732283592,4.0737304688,4.0629277229,0.9759541750,0.9761980772,0.9710395932,8.9002733231,8.8440189362,8.7984056473,0.3094117343,0.3055588603,0.3026065826,15.9729299545,15.9726533890,15.9618406296,0.9966263175,0.9965918660,0.9952446222,16.1152267456,16.1149425507,16.1069583893,1.0144575834,1.0144218206,1.0134173632,16.0433444977,16.0415802002,16.0378608704,1.0054265261,1.0052053928,1.0047402382
2000,6.2594776154,6.2609810829,6.2832660675,2.8529343605,2.8605849743,2.9114928246,6.6377682686,6.6484241486,6.5999279022,2.8460915089,2.8495228291,2.8642745018,4.0555548668,4.0558671951,4.0417928696,0.9675201178,0.9676725864,0.9609900117,8.8258619308,8.7749814987,8.7124624252,0.3042947352,0.3008676171,0.2968208194,15.9678182602,15.9682722092,15.9567956924,0.9959907532,0.9960473776,0.9946185946,16.1665534973,16.1667633057,16.1576309204,1.0209307671,1.0209571123,1.0198047161,16.0689296722,16.0667991638,16.0533809662,1.0086379051,1.0083703995,1.0066908598
3000,6.1854352951,6.1887903214,6.1916141510,2.7992215157,2.8023829460,2.8213810921,6.5509667397,6.5697617531,6.4960741997,2.7926244736,2.7959647179,2.7759938240,4.0423326492,4.0429644585,4.0261416435,0.9612472653,0.9615532756,0.9535890222,8.7777070999,8.7274398804,8.6570014954,0.3010618389,0.2976754904,0.2931284606,15.9687299728,15.9688568115,15.9586534500,0.9961061478,0.9961216450,0.9948517084,16.2091560364,16.2087116241,16.2006626129,1.0263193846,1.0262627602,1.0252441168,16.0855712891,16.0817565918,16.0588741302,1.0107308626,1.0102519989,1.0073877573
4000,6.1912541389,6.1936225891,6.1812181473,2.7961747646,2.8094348907,2.8139560223,6.5399217606,6.5614366531,6.4753079414,2.7878484726,2.8075227737,2.7770259380,4.0317058563,4.0325632095,4.0138368607,0.9562238455,0.9566407204,0.9478058815,8.7347555161,8.6912641525,8.6103191376,0.2981773615,0.2952874899,0.2900787890,15.9701948166,15.9708232880,15.9615755081,0.9962908030,0.9963687062,0.9952177405,16.2461509705,16.2460079193,16.2392444611,1.0310093164,1.0309907198,1.0301330090,16.0970401764,16.0929203033,16.0602989197,1.0121767521,1.0116591454,1.0075777769
5000,6.3074765205,6.3087706566,6.3029608727,2.8331177235,2.8438615799,2.8643386364,6.6434631348,6.6696796417,6.5837473869,2.8270847797,2.8486230373,2.8342120647,4.0243773460,4.0251283646,4.0041198730,0.9527981877,0.9531669617,0.9432880282,8.7187519073,8.6851158142,8.5776996613,0.2972461283,0.2950784862,0.2880975008,15.9709539413,15.9724264145,15.9629154205,0.9963867664,0.9965703487,0.9953859448,16.2792835236,16.2790546417,16.2737617493,1.0352197886,1.0351902246,1.0345172882,16.1039848328,16.0991706848,16.0560417175,1.0130547285,1.0124496222,1.0070559978
6000,5.9995365143,5.9985785484,6.0219273567,2.7479040623,2.7527344227,2.7950589657,6.3354430199,6.3568572998,6.3032236099,2.7407264709,2.7571053505,2.7687594891,4.0041155815,4.0043783188,3.9834084511,0.9432203174,0.9433495402,0.9335432649,8.6211538315,8.5975742340,8.4812879562,0.2905863822,0.2890744507,0.2815288901,15.9744491577,15.9756145477,15.9677057266,0.9968253970,0.9969698787,0.9959850907,16.3099861145,16.3090019226,16.3064804077,1.0391293764,1.0390031338,1.0386810303,16.1088199615,16.1034355164,16.0566177368,1.0136687756,1.0129909515,1.0071430206
7000,6.0222964287,6.0321640968,6.0174813271,2.7371368408,2.7370250225,2.7548897266,6.3593597412,6.3912768364,6.2938289642,2.7394800186,2.7547023296,2.7377920151,3.9981884956,3.9988901615,3.9732215405,0.9404802322,0.9408145547,0.9288302064,8.6197938919,8.5992994308,8.4523277283,0.2906418145,0.2893118858,0.2797618210,15.9777584076,15.9803991318,15.9720649719,0.9972397089,0.9975676537,0.9965296984,16.3390865326,16.3386783600,16.3376636505,1.0428411961,1.0427873135,1.0426574945,16.1149787903,16.1081638336,16.0507373810,1.0144475698,1.0135879517,1.0064210892
8000,5.7297163010,5.7328724861,5.7646031380,2.6708052158,2.6719334126,2.7293040752,6.0674037933,6.0996131897,6.0497179031,2.6810772419,2.7017023563,2.7209982872,3.9759619236,3.9765787125,3.9529066086,0.9300447702,0.9303411841,0.9193558097,8.5361099243,8.5197725296,8.3575677872,0.2850720286,0.2840177119,0.2735475600,15.9841842651,15.9845972061,15.9768791199,0.9980443716,0.9980948567,0.9971334934,16.3660430908,16.3637599945,16.3648853302,1.0462858677,1.0459921360,1.0461354256,16.1269760132,16.1192779541,16.0628242493,1.0159654617,1.0149943829,1.0079525709
9000,6.2924652100,6.2950897217,6.3255701065,2.8540871143,2.8614637852,2.9092311859,6.5947394371,6.6477346420,6.5810313225,2.8640975952,2.9059116840,2.9125330448,3.9756431580,3.9764316082,3.9472954273,0.9299427867,0.9303198457,0.9168339372,8.5486116409,8.5306844711,8.3163652420,0.2859231532,0.2847622335,0.2709506154,15.9802989960,15.9804286957,15.9701070786,0.9975577593,0.9975723028,0.9962862134,16.3877315521,16.3850097656,16.3865261078,1.0490616560,1.0487109423,1.0489042997,16.1284446716,16.1203231812,16.0512294769,1.0161560774,1.0151300430,1.0065112114
10000,6.1463913918,6.1482939720,6.1698393822,2.8002071381,2.7957193851,2.8458273411,6.4655771255,6.5084757805,6.4343905449,2.8273274899,2.8523657322,2.8616700172,3.9656219482,3.9656519890,3.9352445602,0.9253017902,0.9253258109,0.9112980962,8.5215778351,8.5172395706,8.2876462936,0.2841882110,0.2839960456,0.2692161202,15.9848928452,15.9867601395,15.9768333435,0.9981312752,0.9983622432,0.9971255660,16.4111518860,16.4088611603,16.4125328064,1.0520626307,1.0517661572,1.0522361994,16.1325206757,16.1215934753,16.0437717438,1.0166764259,1.0152938366,1.0055963993
11000,6.0449342728,6.0460968018,6.0392208099,2.7274510860,2.7218122482,2.7475035191,6.3781199455,6.4219398499,6.3207340240,2.7737400532,2.8026752472,2.7855043411,3.9623954296,3.9625442028,3.9291467667,0.9238965511,0.9239645600,0.9085900187,8.5540704727,8.5594711304,8.2956905365,0.2866219282,0.2871064246,0.2700840235,15.9925260544,15.9950122833,15.9847517014,0.9990848899,0.9993930459,0.9981148243,16.4354267120,16.4334163666,16.4384307861,1.0551776886,1.0549167395,1.0555603504,16.1429882050,16.1298160553,16.0447940826,1.0180016756,1.0163345337,1.0057427883
12000,6.0195946693,6.0220298767,6.0679268837,2.7820453644,2.7844521999,2.8520400524,6.3481221199,6.3989796638,6.3470144272,2.8280985355,2.8719079494,2.8936443329,3.9398066998,3.9395458698,3.9067850113,0.9133148193,0.9132114649,0.8981910348,8.4614048004,8.4474954605,8.1826486588,0.2802340090,0.2793077826,0.2624092996,15.9922246933,15.9922180176,15.9833135605,0.9990470409,0.9990438223,0.9979340434,16.4538516998,16.4496250153,16.4572372437,1.0575442314,1.0569982529,1.0579762459,16.1314449310,16.1229839325,16.0365543365,1.0165542364,1.0154776573,1.0047332048
13000,5.6947383881,5.6991887093,5.6862549782,2.6110174656,2.6088652611,2.6237883568,6.0501856804,6.1091537476,6.0021400452,2.6830313206,2.7259416580,2.6951377392,3.9358880520,3.9361348152,3.9010448456,0.9116590619,0.9117866158,0.8956936002,8.4954805374,8.5022907257,8.2225284576,0.2828469276,0.2833638489,0.2654339373,16.0001544952,16.0025711060,15.9943323135,1.0000385046,1.0003386736,0.9993109703,16.4756870270,16.4727973938,16.4810428619,1.0603553057,1.0599801540,1.0610402822,16.1475219727,16.1357746124,16.0444602966,1.0185880661,1.0170935392,1.0057340860
14000,5.7863507271,5.7938456535,5.8218998909,2.6810753345,2.6906716824,2.7381765842,6.1479716301,6.2054920197,6.1379981041,2.7674345970,2.8213157654,2.8211579323,3.9232821465,3.9235689640,3.8878345490,0.9058685303,0.9059953094,0.8896812797,8.4642667770,8.4709138870,8.1583909988,0.2808408141,0.2813768387,0.2613314092,16.0020580292,16.0027847290,15.9939432144,1.0002766848,1.0003659725,0.9992637634,16.4952640533,16.4909725189,16.5006122589,1.0628762245,1.0623201132,1.0635626316,16.1527576447,16.1418514252,16.0393028259,1.0192581415,1.0178654194,1.0051077604
15000,6.1908621788,6.1932077408,6.1931915283,2.8129203320,2.8036024570,2.8367779255,6.5545887947,6.6201171875,6.5105204582,2.9247789383,2.9731535912,2.9495222569,3.9311828613,3.9305002689,3.8895602226,0.9096592665,0.9093269706,0.8906640410,8.5124073029,8.5402135849,8.1794929504,0.2841856182,0.2862300575,0.2630443573,16.0006999969,16.0047779083,15.9946651459,1.0001066923,1.0006148815,0.9993531704,16.5121364594,16.5094680786,16.5202999115,1.0650525093,1.0647053719,1.0661028624,16.1450977325,16.1317977905,16.0211067200,1.0183035135,1.0166056156,1.0028514862
16000,5.9998803139,6.0037169456,6.0451683998,2.7701787949,2.7667288780,2.8298962116,6.3739991188,6.4457468987,6.3755021095,2.8906962872,2.9483802319,2.9555728436,3.9096736908,3.9090406895,3.8680090904,0.8996828198,0.8993737102,0.8807321191,8.4497823715,8.4591913223,8.0927057266,0.2798604965,0.2804549932,0.2571413219,16.0035991669,16.0041084290,15.9961042404,1.0004686117,1.0005296469,0.9995315671,16.5297756195,16.5245018005,16.5377368927,1.0673300028,1.0666449070,1.0683546066,16.1441307068,16.1323242188,16.0173740387,1.0181868076,1.0166722536,1.0024100542
17000,6.1266865730,6.1266031265,6.1541104317,2.7755911350,2.7909972668,2.8275105953,6.5146312714,6.5888352394,6.4995498657,2.9265260696,3.0046906471,2.9841444492,3.9110782146,3.9122920036,3.8668239117,0.9004410505,0.9010109305,0.8803301454,8.5006465912,8.5178174973,8.1175909042,0.2833975255,0.2846469581,0.2589628696,16.0074310303,16.0080356598,15.9994792938,1.0009497404,1.0010229349,0.9999539256,16.5502719879,16.5437908173,16.5583362579,1.0699789524,1.0691365004,1.0710188150,16.1442241669,16.1336288452,16.0012798309,1.0182148218,1.0168477297,1.0004199743
18000,6.2214403152,6.2264251709,6.2080621719,2.8166658878,2.8295335770,2.8371486664,6.6334643364,6.7116971016,6.5817255974,2.9977533817,3.0771718025,3.0281112194,3.9180765152,3.9185276031,3.8686959743,0.9039015770,0.9041207433,0.8814232945,8.5731315613,8.5967216492,8.1657915115,0.2887816429,0.2905916870,0.2627158165,16.0125808716,16.0145416260,16.0049095154,1.0015952587,1.0018385649,1.0006355047,16.5695228577,16.5647945404,16.5785083771,1.0724712610,1.0718553066,1.0736314058,16.1434478760,16.1321239471,15.9914789200,1.0181264877,1.0166671276,0.9992092252
19000,6.1442141533,6.1520361900,6.1634058952,2.8236310482,2.8285157681,2.8757095337,6.5735411644,6.6531014442,6.5440464020,3.0265989304,3.1001014709,3.0816507339,3.8964481354,3.8967921734,3.8473157883,0.8938551545,0.8940305114,0.8716149330,8.4863586426,8.5082206726,8.0774116516,0.2825923562,0.2841153741,0.2566430569,16.0110511780,16.0129756927,16.0048465729,1.0014027357,1.0016409159,1.0006246567,16.5850772858,16.5793876648,16.5958366394,1.0744847059,1.0737428665,1.0758758783,16.1320133209,16.1180534363,15.9781236649,1.0166834593,1.0148891211,0.9975811839
20000,6.1989173889,6.2006063461,6.2444763184,2.8492157459,2.8500976562,2.9143881798,6.6411437988,6.7168149948,6.6346683502,3.0709922314,3.1437962055,3.1416275501,3.8880422115,3.8879041672,3.8375854492,0.8900177479,0.8899616599,0.8672186732,8.4812517166,8.4921474457,8.0414628983,0.2822164893,0.2829150856,0.2542318404,16.0138816833,16.0139236450,16.0054931641,1.0017567873,1.0017589331,1.0007050037,16.6031799316,16.5956745148,16.6128940582,1.0768332481,1.0758544207,1.0780892372,16.1325798035,16.1160831451,15.9717626572,1.0167672634,1.0146454573,0.9968030453
21000,6.0505542755,6.0461921692,6.0707511902,2.7583158016,2.7634649277,2.8049921989,6.5096421242,6.5832934380,6.4853014946,2.9988186359,3.0758259296,3.0491673946,3.8831965923,3.8827650547,3.8318686485,0.8878879547,0.8876908422,0.8647316694,8.4941329956,8.5134773254,8.0460538864,0.2831145227,0.2844210565,0.2546673715,16.0175552368,16.0173835754,16.0080680847,1.0022166967,1.0021917820,1.0010277033,16.6202869415,16.6130275726,16.6296844482,1.0790528059,1.0781050920,1.0802706480,16.1380214691,16.1296672821,15.9741430283,1.0174615383,1.0163662434,0.9971145988
22000,6.1486887932,6.1535906792,6.1796655655,2.7972519398,2.8103895187,2.8485553265,6.6299457550,6.7253713608,6.6114230156,3.0717897415,3.1605670452,3.1260235310,3.8818302155,3.8829998970,3.8277578354,0.8873623610,0.8879283071,0.8629693985,8.5268125534,8.5466079712,8.0390682220,0.2855163515,0.2868685424,0.2543313503,16.0214710236,16.0205554962,16.0098037720,1.0027078390,1.0025900602,1.0012459755,16.6379299164,16.6304149628,16.6463489532,1.0813465118,1.0803641081,1.0824378729,16.1339778900,16.1194362640,15.9544124603,1.0169683695,1.0150874853,0.9946811199
23000,6.0769724846,6.0774970055,6.0733995438,2.7715153694,2.7665569782,2.7928655148,6.5908694267,6.6779499054,6.5413832664,3.0759303570,3.1546494961,3.1038234234,3.8814620972,3.8808400631,3.8239824772,0.8873977661,0.8870921135,0.8614354730,8.5482845306,8.5687208176,8.0814666748,0.2871590257,0.2885077000,0.2574524283,16.0246143341,16.0242748260,16.0168762207,1.0031021833,1.0030561686,1.0021314621,16.6552276611,16.6464786530,16.6650524139,1.0835959911,1.0824521780,1.0848721266,16.1235713959,16.1024169922,15.9425668716,1.0156731606,1.0129455328,0.9932272434
24000,6.3331165314,6.3348984718,6.3791904449,2.8803417683,2.8884592056,2.9498705864,6.8499126434,6.9494342804,6.8569374084,3.2151789665,3.3105695248,3.2998027802,3.8742563725,3.8744781017,3.8174142838,0.8840083480,0.8841294646,0.8584538698,8.5324821472,8.5536499023,8.0285949707,0.2858223021,0.2872872651,0.2538461387,16.0257091522,16.0241279602,16.0154514313,1.0032403469,1.0030388832,1.0019534826,16.6719493866,16.6623306274,16.6822643280,1.0857746601,1.0845154524,1.0871152878,16.1080493927,16.0899696350,15.9134912491,1.0137397051,1.0113991499,0.9896505475
25000,6.0631265640,6.0677623749,6.0854101181,2.7686476707,2.7794449329,2.8177115917,6.6036710739,6.7024641037,6.5872902870,3.1154544353,3.2135562897,3.1778371334,3.8650088310,3.8660719395,3.8074924946,0.8799538612,0.8804648519,0.8540843725,8.5343542099,8.5624799728,8.0393095016,0.2861603200,0.2880852818,0.2546713650,16.0288639069,16.0274085999,16.0200443268,1.0036340952,1.0034492016,1.0025283098,16.6873302460,16.6780014038,16.6976623535,1.0877785683,1.0865564346,1.0891231298,16.1119899750,16.0955924988,15.9140033722,1.0142273903,1.0120985508,0.9897237420
26000,6.1297860146,6.1351542473,6.1701478958,2.8239545822,2.8294093609,2.8835406303,6.6904988289,6.7948064804,6.6825647354,3.2008433342,3.2994272709,3.2655017376,3.8560593128,3.8565225601,3.7973833084,0.8758429885,0.8760712147,0.8495228887,8.4983091354,8.5261116028,7.9809813499,0.2835539281,0.2854193747,0.2507738769,16.0278015137,16.0268325806,16.0172519684,1.0035014153,1.0033762455,1.0021781921,16.7013092041,16.6914539337,16.7101440430,1.0896012783,1.0883091688,1.0907518864,16.1042671204,16.0879020691,15.9058694839,1.0132704973,1.0111322403,0.9887415171
27000,6.1474556923,6.1483530998,6.1932935715,2.8285400867,2.8306982517,2.8884675503,6.7331342697,6.8413867950,6.7345800400,3.2354271412,3.3320670128,3.3083903790,3.8544485569,3.8561260700,3.7948217392,0.8752570152,0.8760493994,0.8485048413,8.5112962723,8.5547342300,7.9909577370,0.2846207619,0.2876192927,0.2517483234,16.0298175812,16.0300121307,16.0194683075,1.0037571192,1.0037786961,1.0024589300,16.7169609070,16.7076892853,16.7249717712,1.0916464329,1.0904294252,1.0926907063,16.1152801514,16.0929183960,15.9003143311,1.0146890879,1.0117883682,0.9880795479
28000,6.5710883141,6.5742063522,6.5492796898,2.9224529266,2.9316124916,2.9392647743,7.1861171722,7.3077154160,7.1317577362,3.3915081024,3.5076620579,3.4305851460,3.8863093853,3.8880486488,3.8162808418,0.8898972869,0.8907185197,0.8583678603,8.6687002182,8.7290658951,8.0904874802,0.2953998446,0.2996829152,0.2585077882,16.0379962921,16.0392780304,16.0283489227,1.0047826767,1.0049388409,1.0035719872,16.7361488342,16.7262077332,16.7461128235,1.0941541195,1.0928472281,1.0954557657,16.1020393372,16.0875186920,15.8702812195,1.0130407810,1.0111120939,0.9843970537
29000,6.1014633179,6.1062846184,6.1176772118,2.7823095322,2.7910716534,2.8191699982,6.7285628319,6.8309907913,6.7034449577,3.2421576977,3.3387167454,3.2866127491,3.8506448269,3.8526051044,3.7884113789,0.8737517595,0.8746605515,0.8458266258,8.5398578644,8.5822887421,8.0037488937,0.2867742777,0.2897156477,0.2527709901,16.0364856720,16.0350780487,16.0257053375,1.0045917034,1.0044128895,1.0032398701,16.7482872009,16.7376117706,16.7556152344,1.0957416296,1.0943391323,1.0966991186,16.0971298218,16.0765991211,15.8793220520,1.0124297142,1.0097510815,0.9855065346
30000,6.4270429611,6.4370203018,6.4540834427,2.8906848431,2.9055337906,2.9454605579,7.0867962837,7.2148847580,7.0684933662,3.4090209007,3.5340049267,3.4745705128,3.8633761406,3.8641185760,3.7959253788,0.8794882894,0.8798448443,0.8492402434,8.6175899506,8.6575069427,8.0145187378,0.2919828892,0.2947448492,0.2534224689,16.0417976379,16.0407314301,16.0285511017,1.0052604675,1.0051229000,1.0035971403,16.7653598785,16.7543487549,16.7730331421,1.0979784727,1.0965294838,1.0989814997,16.0914134979,16.0767726898,15.8595838547,1.0117330551,1.0097773075,0.9831140637
31000,6.3640727997,6.3688950539,6.3739309311,2.9008715153,2.9007437229,2.9445829391,7.0550622940,7.1487288475,7.0129942894,3.4516887665,3.5524275303,3.5025660992,3.8550684452,3.8528187275,3.7854273319,0.8759028316,0.8748301864,0.8446488380,8.6045780182,8.6425981522,8.0097732544,0.2912021279,0.2938369811,0.2533635199,16.0441570282,16.0437107086,16.0326423645,1.0055550337,1.0054943562,1.0041091442,16.7804107666,16.7692413330,16.7888526917,1.0999490023,1.0984789133,1.1010546684,16.0811271667,16.0645408630,15.8330907822,1.0104252100,1.0082271099,0.9798448086
32000,6.0901303291,6.0964565277,6.1085267067,2.7726461887,2.7826092243,2.8141934872,6.7932515144,6.9104361534,6.7668108940,3.3292794228,3.4428892136,3.3798375130,3.8364694118,3.8383839130,3.7699291706,0.8674572706,0.8683868051,0.8377040625,8.5535058975,8.6095075607,7.9745087624,0.2874979377,0.2914699912,0.2508286536,16.0445308685,16.0444488525,16.0328140259,1.0056000948,1.0055866241,1.0041291714,16.7934589386,16.7822189331,16.8003997803,1.1016600132,1.1001794338,1.1025696993,16.0724639893,16.0572376251,15.8288660049,1.0093486309,1.0073274374,0.9793438911
33000,6.0011887550,6.0087304115,5.9933166504,2.7170257568,2.7173287868,2.7348070145,6.7370481491,6.8301520348,6.6951627731,3.2964715958,3.3952288628,3.3374495506,3.8419964314,3.8402719498,3.7718865871,0.8701900244,0.8694164157,0.8387555480,8.6218070984,8.6781816483,8.0394554138,0.2923383415,0.2964430153,0.2552459836,16.0517063141,16.0525379181,16.0413570404,1.0064994097,1.0065999031,1.0051994324,16.8115730286,16.8006153107,16.8191146851,1.1040360928,1.1025922298,1.1050270796,16.0549430847,16.0411949158,15.8044004440,1.0071523190,1.0053126812,0.9763315916
34000,5.9190435410,5.9228458405,5.9257273674,2.7025549412,2.7096502781,2.7350864410,6.6572575569,6.7547554970,6.6318221092,3.2890675068,3.3927936554,3.3392810822,3.8271296024,3.8270735741,3.7614831924,0.8634749651,0.8634648919,0.8341295719,8.5589418411,8.5956583023,7.9858651161,0.2880678773,0.2907176316,0.2518226504,16.0505237579,16.0469627380,16.0378208160,1.0063517094,1.0059015751,1.0047584772,16.8224163055,16.8087673187,16.8276748657,1.1054612398,1.1036614180,1.1061540842,16.0399246216,16.0261840820,15.7968254089,1.0052961111,1.0034526587,0.9754118323
35000,5.8934946060,5.8968715668,5.9143524170,2.6891462803,2.7055802345,2.7397780418,6.6585392952,6.7716794014,6.6454682350,3.3051819801,3.4214153290,3.3711137772,3.8218333721,3.8239660263,3.7555840015,0.8612062931,0.8622320294,0.8315774798,8.5580148697,8.6206188202,7.9643030167,0.2882257700,0.2927362025,0.2505154014,16.0520515442,16.0506839752,16.0381641388,1.0065474510,1.0063731670,1.0048037767,16.8367824554,16.8248691559,16.8413505554,1.1073527336,1.1057807207,1.1079537868,16.0615139008,16.0504684448,15.8027944565,1.0080349445,1.0065175295,0.9761804342
36000,5.9829330444,5.9837145805,6.0171327591,2.7451934814,2.7486820221,2.8010320663,6.7694849968,6.8863301277,6.7646408081,3.4025299549,3.5170493126,3.4734561443,3.8128798008,3.8140330315,3.7469387054,0.8569250703,0.8574938178,0.8275872469,8.5093765259,8.5799207687,7.9242248535,0.2844985723,0.2894006371,0.2476054132,16.0513210297,16.0521411896,16.0401611328,1.0064533949,1.0065530539,1.0050511360,16.8508491516,16.8385944366,16.8562850952,1.1092021465,1.1075820923,1.1099188328,16.0266227722,16.0128917694,15.7641267776,1.0036616325,1.0017955303,0.9714518189
37000,6.4344625473,6.4335613251,6.4475579262,2.8998038769,2.9071037769,2.9409332275,7.2688746452,7.3899922371,7.2354936600,3.6428852081,3.7632253170,3.6964936256,3.8430516720,3.8444550037,3.7675035000,0.8706240654,0.8713059425,0.8368673921,8.6362247467,8.6918373108,7.9560689926,0.2933230400,0.2972428203,0.2501349151,16.0598545074,16.0580387115,16.0443801880,1.0075267553,1.0072954893,1.0055853128,16.8666915894,16.8529529572,16.8709468842,1.1112921238,1.1094743013,1.1118535995,16.0450706482,16.0256977081,15.7544374466,1.0060257912,1.0034329891,0.9703174233
38000,6.0226125717,6.0270490646,6.0322375298,2.7679636478,2.7724413872,2.7966325283,6.8652839661,6.9639344215,6.8312783241,3.4850018024,3.5875556469,3.5271048546,3.8197829723,3.8191192150,3.7482120991,0.8603867292,0.8601030111,0.8284097314,8.5717258453,8.6193971634,7.9445071220,0.2891628444,0.2925158739,0.2493644506,16.0588302612,16.0565166473,16.0450401306,1.0073981285,1.0071034431,1.0056667328,16.8801918030,16.8662490845,16.8825702667,1.1130702496,1.1112250090,1.1133857965,16.0345802307,16.0193557739,15.7564220428,1.0047171116,1.0026443005,0.9705398679
39000,6.6650314331,6.6655211449,6.6895599365,3.0306456089,3.0406143665,3.0923893452,7.5460863113,7.6707835197,7.5196285248,3.8640451431,3.9919803143,3.9273333549,3.8349440098,3.8366138935,3.7606897354,0.8669002056,0.8676963449,0.8338663578,8.5941247940,8.6574754715,7.9036083221,0.2904663980,0.2949813008,0.2470138967,16.0617256165,16.0597400665,16.0453186035,1.0077632666,1.0075107813,1.0057045221,16.8920326233,16.8765945435,16.8948230743,1.1146345139,1.1125901937,1.1150039434,16.0150127411,15.9965248108,15.7127828598,1.0022950172,0.9998024702,0.9652546048
40000,6.0969004631,6.1009340286,6.1388192177,2.8145718575,2.8407206535,2.8862538338,6.9725718498,7.0935282707,6.9758696556,3.6035478115,3.7310504913,3.6808407307,3.7966201305,3.8001701832,3.7331576347,0.8497650027,0.8514694571,0.8216958642,8.4793004990,8.5247497559,7.8643789291,0.2826933265,0.2858362198,0.2442107797,16.0588970184,16.0561542511,16.0445842743,1.0074056387,1.0070590973,1.0056105852,16.9028511047,16.8891048431,16.9052963257,1.1160590649,1.1142376661,1.1163858175,16.0079612732,15.9975061417,15.7342300415,1.0013868809,0.9999409914,0.9678683877
41000,6.1757364273,6.1778163910,6.2067341805,2.8093097210,2.8175323009,2.8607261181,7.0871906281,7.2025680542,7.0750560760,3.6321146488,3.7484316826,3.6978821754,3.8117210865,3.8126792908,3.7404654026,0.8567402363,0.8572041392,0.8250164390,8.5538425446,8.6123294830,7.8904318810,0.2879967093,0.2920494080,0.2459881008,16.0644130707,16.0615959167,16.0490875244,1.0081000328,1.0077426434,1.0061762333,16.9178943634,16.9022426605,16.9192180634,1.1180484295,1.1159732342,1.1182262897,16.0131130219,15.9912929535,15.7021417618,1.0020813942,0.9991898537,0.9639616013
42000,6.4932475090,6.4980154037,6.5216326714,2.9622426033,2.9626734257,3.0143957138,7.4466800690,7.5834951401,7.4128956795,3.8660552502,3.9960441589,3.9097154140,3.8171768188,3.8182392120,3.7435004711,0.8590335846,0.8595408797,0.8263431191,8.5478229523,8.6141662598,7.8519725800,0.2873930633,0.2918663919,0.2437101603,16.0632610321,16.0635585785,16.0485420227,1.0079555511,1.0079889297,1.0061094761,16.9283676147,16.9157867432,16.9310398102,1.1194334030,1.1177611351,1.1197915077,16.0123806000,15.9807376862,15.6998481750,1.0020025969,0.9978553057,0.9637219906
43000,5.7372522354,5.7457547188,5.7497797012,2.6251184940,2.6224098206,2.6630873680,6.6835446358,6.7798299789,6.6535282135,3.4502964020,3.5531041622,3.4940164089,3.7934083939,3.7907476425,3.7235753536,0.8488711119,0.8476569057,0.8177771568,8.5392770767,8.5796279907,7.9074048996,0.2871453166,0.2899342775,0.2471747696,16.0696411133,16.0665264130,16.0555591583,1.0087538958,1.0083587170,1.0069863796,16.9487895966,16.9334297180,16.9491176605,1.1221328974,1.1200932264,1.1221809387,15.9648237228,15.9353456497,15.6776809692,0.9960489869,0.9921790957,0.9609403610
44000,6.0756316185,6.0806975365,6.0976634026,2.7782108784,2.7739055157,2.8210625648,7.0566282272,7.1570167542,7.0277738571,3.6734242439,3.7806880474,3.7250654697,3.8024559021,3.7998089790,3.7266216278,0.8528119326,0.8515891433,0.8190537095,8.5569009781,8.6220674515,7.8731532097,0.2881302238,0.2926909029,0.2449218482,16.0719738007,16.0704689026,16.0567016602,1.0090496540,1.0088548660,1.0071316957,16.9621734619,16.9457378387,16.9610919952,1.1239070892,1.1217218637,1.1237692833,15.9630775452,15.9405660629,15.6497764587,0.9958502054,0.9928230643,0.9576071501
45000,5.8183164597,5.8252830505,5.8251938820,2.6512122154,2.6583189964,2.6811401844,6.7998433113,6.8985605240,6.7754569054,3.5270042419,3.6353483200,3.5788314342,3.7945535183,3.7932519913,3.7203750610,0.8495028615,0.8489624858,0.8164212108,8.5606966019,8.6321592331,7.8952193260,0.2886693776,0.2939583063,0.2463681698,16.0755653381,16.0728378296,16.0602035522,1.0095022917,1.0091555119,1.0075709820,16.9767608643,16.9605464935,16.9752826691,1.1258416176,1.1236865520,1.1256501675,15.9406538010,15.9335689545,15.6344528198,0.9930840135,0.9920086861,0.9557073116
46000,5.9691619873,5.9736819267,5.9988284111,2.7407696247,2.7513384819,2.7968120575,6.9836711884,7.0958256721,6.9554939270,3.6888782978,3.8087570667,3.7290732861,3.7797365189,3.7811233997,3.7106821537,0.8425050974,0.8431929350,0.8120017648,8.4756422043,8.5299291611,7.8131132126,0.2824050784,0.2861422598,0.2409745306,16.0727634430,16.0693569183,16.0570049286,1.0091487169,1.0087161064,1.0071706772,16.9870891571,16.9703121185,16.9848289490,1.1272101402,1.1249773502,1.1269177198,15.9401416779,15.9214906693,15.6386671066,0.9930155277,0.9904823899,0.9562909007
47000,5.6686735153,5.6751809120,5.6725845337,2.6003272533,2.6107304096,2.6360633373,6.6790757179,6.7828555107,6.6454234123,3.5059287548,3.6164252758,3.5451033115,3.7770323753,3.7782239914,3.7062256336,0.8417597413,0.8423507810,0.8103007078,8.4989042282,8.5863399506,7.8514814377,0.2845164239,0.2908995748,0.2437547892,16.0746345520,16.0736083984,16.0587539673,1.0093835592,1.0092515945,1.0073910952,16.9987449646,16.9851341248,16.9957408905,1.1287578344,1.1269464493,1.1283663511,15.9328508377,15.9279603958,15.6188192368,0.9921185970,0.9913258553,0.9538310766
48000,5.8371548653,5.8352336884,5.8533716202,2.6824233532,2.6882119179,2.7249751091,6.8709430695,6.9799895287,6.8444733620,3.6355948448,3.7545135021,3.6850073338,3.7766096592,3.7771000862,3.7046351433,0.8413829207,0.8416754603,0.8095061779,8.4942655563,8.5738906860,7.8167695999,0.2838732004,0.2896056175,0.2412966341,16.0792903900,16.0784244537,16.0627574921,1.0099694729,1.0098577738,1.0078930855,17.0146846771,16.9989280701,17.0102977753,1.1308757067,1.1287761927,1.1303004026,15.9203348160,15.9119195938,15.6000118256,0.9905655384,0.9893149734,0.9515827298
49000,6.0505943298,6.0513987541,6.0833168030,2.7956023216,2.7939581871,2.8539698124,7.1190209389,7.2304062843,7.1011471748,3.8114736080,3.9352328777,3.8710343838,3.7780771255,3.7758016586,3.7055778503,0.8420011401,0.8409627676,0.8099399209,8.4932575226,8.5369739532,7.7918486595,0.2839541733,0.2868682444,0.2399926782,16.0828762054,16.0790042877,16.0659732819,1.0104206800,1.0099290609,1.0082999468,17.0272922516,17.0105171204,17.0233364105,1.1325540543,1.1303160191,1.1320360899,15.9147195816,15.8871374130,15.5824108124,0.9899026752,0.9862429500,0.9494894147
50000,6.5994024277,6.5955696106,6.6031842232,2.9656481743,2.9725096226,3.0031850338,7.7201237679,7.8550834656,7.6710505486,4.0913205147,4.2339096069,4.1291084290,3.8116021156,3.8142340183,3.7287595272,0.8568049073,0.8580338359,0.8200752735,8.6047201157,8.6896419525,7.8155574799,0.2914942801,0.2973886132,0.2416311055,16.0917625427,16.0886039734,16.0729656219,1.0115427971,1.0111418962,1.0091817379,17.0436038971,17.0233154297,17.0355529785,1.1347289085,1.1320205927,1.1336650848,15.9555912018,15.9293031693,15.5689830780,0.9951146841,0.9915395975,0.9479838014
51000,5.8742032051,5.8773231506,5.9006290436,2.6903762817,2.6938617229,2.7431712151,6.9767174721,7.0667266846,6.9510240555,3.7236652374,3.8239827156,3.7710287571,3.7739269733,3.7733502388,3.7001733780,0.8404762149,0.8402135968,0.8077819943,8.4923181534,8.5702657700,7.7983078957,0.2841693163,0.2897280157,0.2405901700,16.0860900879,16.0835533142,16.0698680878,1.0108269453,1.0105042458,1.0087913275,17.0525398254,17.0343799591,17.0456104279,1.1359159946,1.1334915161,1.1350022554,15.8954887390,15.8755168915,15.5639495850,0.9875793457,0.9848484993,0.9472795725
52000,6.4403500557,6.4441289902,6.4486131668,2.9284212589,2.9390072823,2.9677960873,7.5910258293,7.7193999290,7.5521621704,4.0645270348,4.1966295242,4.1154103279,3.8045148849,3.8057398796,3.7215459347,0.8540678024,0.8546605706,0.8171979189,8.5897493362,8.6771450043,7.8119797707,0.2910991907,0.2973387837,0.2420516461,16.0945930481,16.0925559998,16.0755767822,1.0118989944,1.0116394758,1.0095127821,17.0680522919,17.0494575500,17.0579586029,1.1379873753,1.1355030537,1.1366512775,15.9355392456,15.9054126740,15.5556173325,0.9926362038,0.9886295795,0.9463638067
53000,6.4935774803,6.4904236794,6.5366320610,2.9440705776,2.9514799118,3.0114729404,7.6598958969,7.7774558067,7.6441144943,4.1191320419,4.2429962158,4.1797218323,3.7881069183,3.7890801430,3.7126228809,0.8463559151,0.8468286991,0.8130913377,8.5201539993,8.5961341858,7.7578597069,0.2857615054,0.2910356224,0.2380190939,16.0978717804,16.0948162079,16.0795803070,1.0123097897,1.0119214058,1.0100145340,17.0800609589,17.0612735748,17.0720329285,1.1395889521,1.1370754242,1.1385282278,15.9057130814,15.8855714798,15.5402841568,0.9889345765,0.9861795902,0.9445402026
54000,5.7986822128,5.8018088341,5.8005089760,2.6458950043,2.6520905495,2.6769599915,6.9342861176,7.0321965218,6.8921642303,3.7168161869,3.8270063400,3.7475233078,3.7639405727,3.7625837326,3.6886553764,0.8361312151,0.8355773091,0.8028540611,8.4954099655,8.5663042068,7.7794508934,0.2843995690,0.2895064354,0.2393321991,16.0960483551,16.0928516388,16.0790710449,1.0120790005,1.0116730928,1.0099477768,17.0953235626,17.0767745972,17.0854167938,1.1416240931,1.1391416788,1.1403104067,15.8664817810,15.8587331772,15.5232019424,0.9839953780,0.9827951193,0.9423620105
55000,6.1026000977,6.1081848145,6.1478257179,2.8296515942,2.8364965916,2.8952417374,7.2688183784,7.3699202538,7.2543683052,3.9670131207,4.0792670250,4.0288047791,3.7627065182,3.7603054047,3.6894118786,0.8354910016,0.8344295621,0.8031215668,8.4489583969,8.4954586029,7.7139992714,0.2816517055,0.2847452760,0.2354201227,16.0954380035,16.0912303925,16.0772171021,1.0120038986,1.0114701986,1.0097180605,17.1043720245,17.0847930908,17.0926342010,1.1428351402,1.1402128935,1.1412773132,15.8861017227,15.8553466797,15.5285987854,0.9865180850,0.9824829102,0.9430822134
56000,6.3014850616,6.3001503944,6.3012681007,2.8674261570,2.8711824417,2.9020390511,7.5193734169,7.5969586372,7.4688401222,4.0769500732,4.1728444099,4.1141295433,3.7904574871,3.7875370979,3.7058978081,0.8480240703,0.8467050195,0.8104577065,8.5956554413,8.6597929001,7.7956504822,0.2915918529,0.2962798774,0.2409190238,16.1082744598,16.1033763885,16.0894699097,1.0136193037,1.0129996538,1.0112605095,17.1231479645,17.1023216248,17.1116123199,1.1453434229,1.1425572634,1.1438149214,15.8808765411,15.8672285080,15.4877948761,0.9858800173,0.9839403629,0.9381852746
57000,6.1401476860,6.1438198090,6.2058157921,2.8346054554,2.8357007504,2.9151594639,7.3541665077,7.4521384239,7.3489832878,4.0355739594,4.1460528374,4.1063561440,3.7556824684,3.7537651062,3.6823220253,0.8322081566,0.8313548565,0.7999570370,8.4347944260,8.4883270264,7.6776323318,0.2801062167,0.2837367952,0.2328750193,16.1021308899,16.0972881317,16.0831317902,1.0128446817,1.0122311115,1.0104604959,17.1293601990,17.1083641052,17.1178646088,1.1461737156,1.1433584690,1.1446492672,15.8540620804,15.8256063461,15.4749727249,0.9825408459,0.9787449837,0.9366768003
58000,6.1130886078,6.1187767982,6.1420998573,2.8000793457,2.8117253780,2.8531224728,7.3326773643,7.4372258186,7.3110680580,4.0070977211,4.1263494492,4.0619878769,3.7633724213,3.7630062103,3.6857886314,0.8358450532,0.8357020020,0.8015735149,8.4848489761,8.5511913300,7.7175116539,0.2838203609,0.2885204256,0.2355915159,16.1090564728,16.1043167114,16.0901813507,1.0137183666,1.0131186247,1.0113495588,17.1463470459,17.1257400513,17.1333484650,1.1484488249,1.1456854343,1.1467230320,15.8573837280,15.8326139450,15.4565620422,0.9830039740,0.9796706438,0.9344484210
59000,6.1585879326,6.1599183083,6.1689171791,2.8247244358,2.8280136585,2.8613307476,7.3955473900,7.4974799156,7.3563594818,4.0534229279,4.1665892601,4.0892539024,3.7685406208,3.7674124241,3.6891164780,0.8382683992,0.8377854228,0.8031417727,8.5018606186,8.5737066269,7.7353291512,0.2852546275,0.2902148068,0.2370166332,16.1118774414,16.1078128815,16.0938816071,1.0140738487,1.0135585070,1.0118166208,17.1607437134,17.1403961182,17.1452198029,1.1503815651,1.1476486921,1.1483143568,15.8370952606,15.8110074997,15.4473085403,0.9805315137,0.9770489335,0.9333393574
60000,6.1703052521,6.1703591347,6.1763429642,2.7684960365,2.7794425488,2.8081746101,7.4378538132,7.5355110168,7.3892827034,4.0250172615,4.1415376663,4.0544490814,3.7805342674,3.7786011696,3.6972184181,0.8437372446,0.8428641558,0.8067791462,8.5899915695,8.6359987259,7.7708811760,0.2914313078,0.2947056293,0.2393082380,16.1204452515,16.1128730774,16.0994186401,1.0151528120,1.0141955614,1.0125151873,17.1765727997,17.1521797180,17.1578788757,1.1525028944,1.1492294073,1.1500126123,15.8389492035,15.8138151169,15.4389925003,0.9807752371,0.9774123430,0.9323611259
61000,5.7825002670,5.7863345146,5.8053879738,2.6890401840,2.6949470043,2.7376642227,7.0200567245,7.1047635078,6.9883255959,3.8843336105,3.9824965000,3.9256412983,3.7392787933,3.7380774021,3.6641309261,0.8255078793,0.8250045180,0.7923520803,8.4191846848,8.4942083359,7.6859936714,0.2797057629,0.2850639820,0.2337200791,16.1115093231,16.1075210571,16.0940418243,1.0140285492,1.0135240555,1.0118374825,17.1850738525,17.1644287109,17.1692256927,1.1536422968,1.1508690119,1.1515322924,15.8090581894,15.7946720123,15.4261970520,0.9770212770,0.9749807119,0.9307986498
62000,6.0553150177,6.0609140396,6.0830321312,2.7637763023,2.7717564106,2.8190789223,7.3392829895,7.4383444786,7.2867560387,4.0519609451,4.1634211540,4.0635700226,3.7502658367,3.7491791248,3.6742930412,0.8299638033,0.8295407295,0.7966713309,8.4674491882,8.5167808533,7.6746811867,0.2822993696,0.2857598960,0.2327657044,16.1234226227,16.1171455383,16.1033363342,1.0155272484,1.0147328377,1.0130065680,17.2016429901,17.1792564392,17.1842746735,1.1558668613,1.1528559923,1.1535536051,15.7683887482,15.7597837448,15.3907051086,0.9719896913,0.9706546068,0.9265738130
63000,6.2440247536,6.2437043190,6.2761168480,2.8197338581,2.8319869041,2.8727846146,7.5560464859,7.6753215790,7.5368442535,4.1435151100,4.2740969658,4.1965708733,3.7676377296,3.7678594589,3.6880190372,0.8378571868,0.8380338550,0.8027698994,8.5213680267,8.5910272598,7.7203230858,0.2864839733,0.2913849950,0.2361068577,16.1305770874,16.1241855621,16.1105575562,1.0164326429,1.0156235695,1.0139203072,17.2181224823,17.1932163239,17.1984920502,1.1580877304,1.1547361612,1.1554676294,15.8054418564,15.7842569351,15.3929185867,0.9767298698,0.9738293290,0.9269360900
64000,6.2696633339,6.2717022896,6.2994461060,2.8909914494,2.8956534863,2.9457395077,7.5949120522,7.6967148781,7.5583519936,4.2432403564,4.3582377434,4.2847704887,3.7561390400,3.7548220158,3.6771814823,0.8327426314,0.8321959376,0.7980170846,8.4629058838,8.5321903229,7.6709570885,0.2825861871,0.2873832583,0.2330671698,16.1306095123,16.1245956421,16.1109294891,1.0164344311,1.0156722069,1.0139673948,17.2315101624,17.2060317993,17.2096710205,1.1598881483,1.1564568281,1.1569703817,15.7923526764,15.7666893005,15.3787021637,0.9750999808,0.9716082215,0.9252313972
65000,6.1632089615,6.1640648842,6.1897850037,2.8450100422,2.8505809307,2.9011516571,7.4904632568,7.5940437317,7.4629020691,4.1813397408,4.2976155281,4.2342057228,3.7544214725,3.7533318996,3.6737008095,0.8323027492,0.8318669796,0.7966651320,8.4834957123,8.5635614395,7.6801967621,0.2843649089,0.2901007533,0.2338544726,16.1314125061,16.1277656555,16.1118755341,1.0165386200,1.0160765648,1.0140883923,17.2415599823,17.2194595337,17.2209053040,1.1612428427,1.1582649946,1.1584823132,15.8018655777,15.7780370712,15.3684625626,0.9763007760,0.9730436206,0.9239850044
66000,6.0190420151,6.0230164528,6.0318546295,2.7719314098,2.7710089684,2.8168816566,7.3455486298,7.4494438171,7.2986121178,4.0909395218,4.2073130608,4.1221680641,3.7495553493,3.7477493286,3.6690793037,0.8302742243,0.8294762969,0.7947121859,8.4646911621,8.5550041199,7.6781320572,0.2830795646,0.2894982398,0.2337051481,16.1338844299,16.1310787201,16.1143321991,1.0168496370,1.0164935589,1.0143972635,17.2563304901,17.2343902588,17.2332057953,1.1632320881,1.1602741480,1.1601378918,15.7781229019,15.7570028305,15.3519229889,0.9734101295,0.9704782367,0.9220404625
67000,6.0658111572,6.0709328651,6.0762157440,2.7415957451,2.7486286163,2.7793550491,7.4123072624,7.5210170746,7.3727636337,4.0822386742,4.2032918930,4.1148147583,3.7568249702,3.7560610771,3.6749546528,0.8335047960,0.8331928849,0.7973265052,8.5112476349,8.5870332718,7.7076478004,0.2862545848,0.2916979194,0.2355474979,16.1401462555,16.1342124939,16.1216754913,1.0176402330,1.0168888569,1.0153247118,17.2716407776,17.2466621399,17.2488403320,1.1653028727,1.1619312763,1.1622471809,15.7877721786,15.7541189194,15.3422174454,0.9746772647,0.9701818228,0.9209094048
68000,6.0874786377,6.0985789299,6.0885329247,2.7555372715,2.7684061527,2.7850179672,7.4530386925,7.5596299171,7.4072608948,4.1168541908,4.2387838364,4.1457800865,3.7591233253,3.7569959164,3.6744432449,0.8347162008,0.8337971568,0.7972368598,8.5337257385,8.6099548340,7.7229852676,0.2881155312,0.2936539650,0.2367440909,16.1451416016,16.1392383575,16.1270484924,1.0182721615,1.0175238848,1.0160049200,17.2870101929,17.2609081268,17.2624053955,1.1673765182,1.1638534069,1.1640776396,15.7656192780,15.7454099655,15.3187561035,0.9719390869,0.9691485763,0.9180760384
69000,6.2505540848,6.2564110756,6.2475366592,2.8392541409,2.8337790966,2.8636841774,7.6506915092,7.7456541061,7.5720152855,4.2556672096,4.3618783951,4.2547702789,3.7636907101,3.7597527504,3.6750144958,0.8366995454,0.8348993063,0.7974416018,8.5411720276,8.6358232498,7.6938266754,0.2885239720,0.2952836454,0.2348975837,16.1473789215,16.1451511383,16.1290340424,1.0185540915,1.0182695389,1.0162551403,17.2969760895,17.2733440399,17.2720050812,1.1687233448,1.1655302048,1.1653745174,15.7736940384,15.7396898270,15.3204326630,0.9729439616,0.9683769941,0.9183555841
70000,5.8978829384,5.8997321129,5.9359626770,2.7075688839,2.7140874863,2.7715210915,7.2649073601,7.3632140160,7.2314233780,4.0581288338,4.1705904007,4.0965332985,3.7292292118,3.7288446426,3.6524798870,0.8214145899,0.8212759495,0.7876868248,8.4166784286,8.4987716675,7.6248164177,0.2798327506,0.2856847644,0.2302187979,16.1451282501,16.1406784058,16.1254596710,1.0182694197,1.0177063942,1.0158047676,17.3069229126,17.2838935852,17.2825088501,1.1700662374,1.1669499874,1.1667916775,15.7360391617,15.7105207443,15.3033695221,0.9683135748,0.9648399949,0.9162672162
71000,6.3551006317,6.3605222702,6.3682689667,2.8974688053,2.9078447819,2.9375588894,7.7667422295,7.8906574249,7.7285294533,4.3410954475,4.4799580574,4.3848099709,3.7617018223,3.7599890232,3.6750426292,0.8358353376,0.8350654840,0.7975303531,8.5345134735,8.6144161224,7.6790127754,0.2881899476,0.2940051556,0.2342558950,16.1585369110,16.1525077820,16.1387214661,1.0199629068,1.0192005634,1.0174803734,17.3289184570,17.3016986847,17.2999172211,1.1730482578,1.1693670750,1.1691489220,15.7840127945,15.7450294495,15.2928724289,0.9743441939,0.9691956043,0.9151312113
72000,6.0388717651,6.0393748283,6.0627050400,2.7977368832,2.8062670231,2.8544511795,7.4257922173,7.5425224304,7.3904528618,4.1905360222,4.3249397278,4.2344775200,3.7315475941,3.7321014404,3.6515460014,0.8226091266,0.8228664398,0.7873808742,8.4268798828,8.5330009460,7.6168909073,0.2809693813,0.2885197997,0.2300657332,16.1538963318,16.1499671936,16.1334800720,1.0193791389,1.0188823938,1.0168199539,17.3375968933,17.3131656647,17.3072910309,1.1742219925,1.1709127426,1.1701440811,15.7202157974,15.6968488693,15.2685127258,0.9664682150,0.9632403255,0.9121825099
73000,6.0874743462,6.0879802704,6.1116833687,2.7737779617,2.7687289715,2.8091552258,7.5011401176,7.5998497009,7.4474892616,4.1863017082,4.2902894020,4.2001447678,3.7425611019,3.7399191856,3.6557648182,0.8275219798,0.8264004588,0.7892020345,8.4820261002,8.5976781845,7.6367959976,0.2845248282,0.2929260433,0.2310449779,16.1608562469,16.1577720642,16.1405429840,1.0202575922,1.0198657513,1.0177110434,17.3541507721,17.3271121979,17.3219242096,1.1764658689,1.1728022099,1.1721258163,15.7346839905,15.7022600174,15.2597723007,0.9683129191,0.9639341235,0.9111266136
74000,6.2047390938,6.2057485580,6.2600207329,2.8520400524,2.8498313427,2.9261872768,7.6408801079,7.7431693077,7.6104898453,4.3137087822,4.4301748276,4.3573579788,3.7354199886,3.7324316502,3.6548650265,0.8242213726,0.8228958249,0.7888121009,8.4481029510,8.5248594284,7.6057915688,0.2822037041,0.2876586914,0.2293106616,16.1658859253,16.1600894928,16.1446933746,1.0208928585,1.0201584101,1.0182365179,17.3679676056,17.3393383026,17.3354263306,1.1783412695,1.1744573116,1.1739559174,15.7039070129,15.6601457596,15.2423171997,0.9645535350,0.9587629437,0.9091590643
75000,6.1299548149,6.1323752403,6.1773557663,2.7974812984,2.7983586788,2.8688113689,7.5753893852,7.6709146500,7.5338125229,4.2678689957,4.3787169456,4.2970738411,3.7340741158,3.7303085327,3.6518192291,0.8236145377,0.8219432831,0.7875106335,8.4636526108,8.5414543152,7.6098551750,0.2830787897,0.2886262536,0.2293857783,16.1709423065,16.1652660370,16.1496334076,1.0215318203,1.0208125114,1.0188610554,17.3817901611,17.3537921906,17.3491287231,1.1802167892,1.1764189005,1.1758134365,15.6762371063,15.6464433670,15.2156000137,0.9611449242,0.9571002126,0.9059745669
76000,6.3340930939,6.3353190422,6.3613424301,2.8679118156,2.8844878674,2.9241218567,7.7865090370,7.9119601250,7.7459020615,4.3693981171,4.5048975945,4.4038553238,3.7493431568,3.7507479191,3.6629197598,0.8303124309,0.8310410380,0.7923280001,8.5349006653,8.6282386780,7.6324143410,0.2880250216,0.2949120402,0.2310782075,16.1777191162,16.1726264954,16.1567611694,1.0223900080,1.0217471123,1.0197638273,17.3953094482,17.3694419861,17.3605136871,1.1820594072,1.1785479784,1.1773610115,15.6938285828,15.6764726639,15.2078857422,0.9633293152,0.9608871937,0.9051892757
77000,5.6667528152,5.6688332558,5.6834845543,2.5852379799,2.5829017162,2.6156139374,7.0690684319,7.1555175781,7.0176768303,3.9237344265,4.0250234604,3.9431145191,3.7202100754,3.7157423496,3.6357514858,0.8182934523,0.8162764311,0.7809225917,8.4553012848,8.5263671875,7.6246399879,0.2834258080,0.2885810435,0.2304091454,16.1710968018,16.1663665771,16.1516914368,1.0215564966,1.0209562778,1.0191235542,17.4064044952,17.3810577393,17.3715877533,1.1835671663,1.1801222563,1.1788609028,15.6571340561,15.6171770096,15.1887378693,0.9589035511,0.9536806941,0.9026509523
78000,6.4201059341,6.4212045670,6.4422478676,2.9289414883,2.9359252453,2.9801337719,7.9056181908,8.0164976120,7.8583078384,4.4747734070,4.5979876518,4.5089769363,3.7532215118,3.7527403831,3.6619486809,0.8322895765,0.8321539164,0.7920273542,8.5545206070,8.6624794006,7.6302461624,0.2897290885,0.2975814641,0.2312406749,16.1906261444,16.1843204498,16.1688861847,1.0240217447,1.0232229233,1.0212996006,17.4273681641,17.3955841064,17.3877410889,1.1864204407,1.1820988655,1.1810630560,15.7014293671,15.6741876602,15.1683454514,0.9643274546,0.9605806470,0.9004597664
79000,6.2197122574,6.2133102417,6.2221789360,2.8560807705,2.8542287350,2.8865709305,7.6832470894,7.7927150726,7.6296138763,4.3436579704,4.4737424850,4.3686208725,3.7416353226,3.7384548187,3.6513907909,0.8275501132,0.8261029720,0.7876397967,8.5204362869,8.5955286026,7.6131191254,0.2880620062,0.2934571505,0.2303361744,16.1897239685,16.1814708710,16.1656436920,1.0239130259,1.0228674412,1.0208935738,17.4408569336,17.4087467194,17.3980197906,1.1882629395,1.1838922501,1.1824601889,15.6872358322,15.6467494965,15.1508121490,0.9627447128,0.9573186636,0.8983849287
80000,6.3372740746,6.3442835808,6.3423695564,2.8697457314,2.8837594986,2.9025287628,7.8319201469,7.9580721855,7.7674117088,4.4016857147,4.5450615883,4.4099378586,3.7558748722,3.7550337315,3.6623039246,0.8339323401,0.8335922956,0.7924254537,8.5654392242,8.6893138885,7.6560931206,0.2911599278,0.3002502024,0.2331411690,16.1958408356,16.1909275055,16.1728210449,1.0246877670,1.0240647793,1.0218019485,17.4544582367,17.4219093323,17.4086494446,1.1901201010,1.1856876612,1.1839092970,15.6900682449,15.6511173248,15.1620006561,0.9631541371,0.9579145312,0.8997939825
81000,6.0802006721,6.0848765373,6.1034007072,2.7804484367,2.7860300541,2.8239119053,7.5445928574,7.6615934372,7.5011363029,4.2528061867,4.3853917122,4.2820711136,3.7322459221,3.7288961411,3.6432638168,0.8235042095,0.8220340610,0.7842407227,8.4978733063,8.5826759338,7.6013007164,0.2863907814,0.2926118970,0.2293444425,16.1954936981,16.1897201538,16.1729087830,1.0246446133,1.0239127874,1.0218123198,17.4650535583,17.4349651337,17.4206180573,1.1915612221,1.1874648333,1.1855348349,15.6314897537,15.5880994797,15.1104602814,0.9559452534,0.9501866102,0.8936371803
82000,6.4839468002,6.4879751205,6.5030865669,2.9328889847,2.9399809837,2.9804875851,8.0132303238,8.1061573029,7.9436259270,4.5368828773,4.6426658630,4.5424613953,3.7534534931,3.7494356632,3.6615738869,0.8324148059,0.8306626081,0.7919687629,8.5788574219,8.6678152084,7.6397142410,0.2913106084,0.2978234291,0.2319138199,16.2112751007,16.2034206390,16.1874694824,1.0266373158,1.0256417990,1.0236545801,17.4838294983,17.4499263763,17.4363098145,1.1941218376,1.1895021200,1.1876778603,15.6497926712,15.6162281036,15.1114549637,0.9580553770,0.9535693526,0.8938344121
83000,6.0356407166,6.0368337631,6.0591311455,2.7135057449,2.7226347923,2.7575294971,7.5165023804,7.6295361519,7.4802107811,4.1924576759,4.3206601143,4.2257847786,3.7325186729,3.7308995724,3.6451671124,0.8237369061,0.8230494261,0.7851753235,8.5042867661,8.6049737930,7.6359772682,0.2868896127,0.2942864299,0.2316086143,16.2063083649,16.1962184906,16.1834812164,1.0260187387,1.0247385502,1.0231550932,17.4965152740,17.4585895538,17.4479999542,1.1958680153,1.1906936169,1.1892704964,15.5923023224,15.5590620041,15.0716915131,0.9512966871,0.9467857480,0.8890737891
84000,6.1664266586,6.1713790894,6.1723465919,2.7987682819,2.8028721809,2.8349788189,7.6818714142,7.7891135216,7.6088156700,4.3357019424,4.4570393562,4.3353672028,3.7370007038,3.7346398830,3.6461927891,0.8258055449,0.8247746825,0.7856745720,8.5362033844,8.6307182312,7.6262273788,0.2892406881,0.2961716056,0.2312126756,16.2089328766,16.2030429840,16.1872520447,1.0263464451,1.0256000757,1.0236307383,17.5075111389,17.4772148132,17.4602584839,1.1973664761,1.1932326555,1.1909433603,15.5929298401,15.5570783615,15.0745668411,0.9512445927,0.9464727640,0.8894806504
85000,5.9022769928,5.9073123932,5.9432597160,2.7249145508,2.7394742966,2.7878227234,7.3601145744,7.4743256569,7.3427805901,4.1679835320,4.2994728088,4.2203154564,3.7061545849,3.7064015865,3.6256763935,0.8123679757,0.8124693632,0.7769232392,8.3988361359,8.4952259064,7.5507330894,0.2801910043,0.2870771289,0.2263853550,16.2055282593,16.1961193085,16.1825389862,1.0259202719,1.0247278214,1.0230385065,17.5191307068,17.4860134125,17.4705734253,1.1989663839,1.1944391727,1.1923527718,15.5834369659,15.5525398254,15.0793867111,0.9502397776,0.9460245371,0.8900123239
86000,5.9142479897,5.9199080467,5.9184360504,2.6990268230,2.7153613567,2.7311198711,7.3855452538,7.5099711418,7.3307461739,4.1558675766,4.2974920273,4.1657032967,3.7160584927,3.7165558338,3.6323671341,0.8168639541,0.8171291351,0.7799451947,8.4565486908,8.5403862000,7.5999855995,0.2842454612,0.2903590798,0.2296462059,16.2115898132,16.2047233582,16.1885776520,1.0266888142,1.0258191824,1.0238026381,17.5341625214,17.5042114258,17.4821281433,1.2010267973,1.1969295740,1.1939324141,15.5691690445,15.5333776474,15.0689220428,0.9485300183,0.9437755942,0.8888159990
87000,6.4712162018,6.4744486809,6.4912266731,2.9628839493,2.9661693573,3.0059497356,8.0307350159,8.1477088928,7.9665222168,4.5903425217,4.7164988518,4.6028881073,3.7462861538,3.7440261841,3.6525614262,0.8297822475,0.8287850022,0.7883411646,8.5558433533,8.6586933136,7.6131706238,0.2907761633,0.2982319295,0.2305616438,16.2272624969,16.2200508118,16.2023601532,1.0286720991,1.0277563334,1.0255492926,17.5537719727,17.5179748535,17.4945049286,1.2037130594,1.1988158226,1.1956315041,15.6258916855,15.5750350952,15.0554256439,0.9555044174,0.9488540888,0.8873403072
88000,6.4150314331,6.4215655327,6.4641771317,2.9530467987,2.9531877041,3.0152947903,7.9640555382,8.0845556259,7.9188346863,4.5628862381,4.6985917091,4.5901503563,3.7332952023,3.7306954861,3.6438100338,0.8238817453,0.8227133155,0.7845143676,8.4953737259,8.6033315659,7.5662117004,0.2861542106,0.2938509285,0.2273536026,16.2305660248,16.2249393463,16.2050247192,1.0290898085,1.0283751488,1.0258872509,17.5676078796,17.5331096649,17.5087165833,1.2056126595,1.2008830309,1.1975766420,15.6088705063,15.5522232056,15.0506162643,0.9534028769,0.9459535480,0.8868497014
89000,6.3216800690,6.3224148750,6.3440241814,2.8788681030,2.8858880997,2.9292895794,7.8609261513,7.9937634468,7.8031992912,4.4686474800,4.6211895943,4.4849772453,3.7367105484,3.7345468998,3.6444177628,0.8255914450,0.8246145844,0.7849053144,8.5457515717,8.6492280960,7.5878052711,0.2898974121,0.2971995175,0.2286569178,16.2358837128,16.2305335999,16.2113647461,1.0297642946,1.0290874243,1.0266915560,17.5842227936,17.5503406525,17.5238342285,1.2078955173,1.2032530308,1.1996477842,15.5782766342,15.5309534073,15.0277824402,0.9496636391,0.9434168935,0.8841834068
90000,5.9306344986,5.9362082481,5.9675197601,2.7179906368,2.7321991920,2.7753059864,7.4291543961,7.5539236069,7.3901720047,4.2109813690,4.3512568474,4.2359228134,3.7059183121,3.7051384449,3.6229708195,0.8123902678,0.8120576739,0.7759210467,8.4285688400,8.4950656891,7.5432877541,0.2822269797,0.2870169282,0.2258684635,16.2275218964,16.2194919586,16.2040996552,1.0287090540,1.0276908875,1.0257728100,17.5887165070,17.5570678711,17.5331974030,1.2085145712,1.2041752338,1.2009260654,15.5342931747,15.4914770126,15.0020971298,0.9444409013,0.9388245344,0.8810541630
91000,6.3053145409,6.3166003227,6.3386111259,2.8606488705,2.8701796532,2.9255826473,7.8663940430,7.9690599442,7.8103222847,4.4695711136,4.5895318985,4.4913878441,3.7358677387,3.7333011627,3.6437485218,0.8254946470,0.8243449926,0.7848247886,8.5568962097,8.6759986877,7.6030673981,0.2907780111,0.2995727360,0.2300086766,16.2492923737,16.2428874969,16.2222175598,1.0314675570,1.0306540728,1.0280725956,17.6148796082,17.5806808472,17.5531444550,1.2121105194,1.2074147463,1.2036702633,15.5187501907,15.4915580750,14.9665126801,0.9423878193,0.9386347532,0.8769162893
92000,6.3914799690,6.4014182091,6.4040479660,2.8851644993,2.9140300751,2.9294965267,7.9559621811,8.0948600769,7.9036579132,4.4974231720,4.6472201347,4.5207948685,3.7518720627,3.7517712116,3.6560604572,0.8326716423,0.8326382041,0.7902179956,8.6025686264,8.7170095444,7.6399517059,0.2944176793,0.3031432927,0.2325927913,16.2527294159,16.2449016571,16.2242050171,1.0319111347,1.0309195518,1.0283304453,17.6280803680,17.5933132172,17.5591850281,1.2139489651,1.2091833353,1.2045056820,15.5814952850,15.5455741882,15.0027399063,0.9503417611,0.9455754161,0.8813435435
93000,6.2226910591,6.2315297127,6.2598733902,2.8352086544,2.8404996395,2.8952677250,7.7932095528,7.8862619400,7.7449026108,4.4434275627,4.5531158447,4.4697065353,3.7286601067,3.7242624760,3.6357867718,0.8224527836,0.8205562830,0.7814564109,8.5590200424,8.6516990662,7.5946464539,0.2911190093,0.2979988456,0.2292668223,16.2572937012,16.2505416870,16.2325153351,1.0324865580,1.0316270590,1.0293805599,17.6450157166,17.6102962494,17.5824260712,1.2162652016,1.2114926577,1.2076914310,15.4888162613,15.4664430618,14.9288892746,0.9388422966,0.9357472658,0.8726445436
94000,6.4334726334,6.4376368523,6.4599070549,2.9292314053,2.9500813484,2.9848804474,8.0051279068,8.1312093735,7.9448022842,4.5625338554,4.7014327049,4.5747122765,3.7393453121,3.7397253513,3.6473622322,0.8270013928,0.8273011446,0.7864291072,8.5725841522,8.6700172424,7.5903859138,0.2921856046,0.2995753288,0.2293796837,16.2605152130,16.2534465790,16.2330169678,1.0328978300,1.0320026875,1.0294495821,17.6543560028,17.6207180023,17.5867004395,1.2175718546,1.2129487991,1.2082889080,15.5521364212,15.5271139145,14.9717283249,0.9467452765,0.9433645010,0.8777234554
95000,5.9535045624,5.9579801559,5.9475646019,2.6887071133,2.6921083927,2.7115175724,7.5015382767,7.5991158485,7.4286551476,4.2138915062,4.3275003433,4.2139239311,3.7276697159,3.7210936546,3.6321446896,0.8227855563,0.8197430372,0.7803499699,8.5761470795,8.6704463959,7.6362981796,0.2931363285,0.3002001643,0.2322885245,16.2610740662,16.2560882568,16.2374687195,1.0329728127,1.0323386192,1.0300143957,17.6726112366,17.6388187408,17.6062316895,1.2200860977,1.2154368162,1.2109675407,15.4753236771,15.4396581650,14.9132184982,0.9374588728,0.9326802492,0.8708077669
96000,6.2301573753,6.2337236404,6.2624826431,2.8473670483,2.8507709503,2.8999495506,7.7873358727,7.8985619545,7.7362685204,4.4272069931,4.5550413132,4.4563493729,3.7286667824,3.7233021259,3.6322154999,0.8227827549,0.8203552365,0.7800108194,8.5396661758,8.6339492798,7.5687894821,0.2903723121,0.2974346876,0.2278005928,16.2679328918,16.2585010529,16.2416439056,1.0338431597,1.0326470137,1.0305461884,17.6902446747,17.6480426788,17.6159439087,1.2225337029,1.2167222500,1.2123101950,15.5289230347,15.4719867706,14.9096069336,0.9441446066,0.9367429018,0.8703987002
97000,5.8569788933,5.8615584373,5.8789525032,2.6766781807,2.6803998947,2.7192263603,7.3750333786,7.4534549713,7.3219122887,4.1702051163,4.2678761482,4.1830344200,3.6994628906,3.6948597431,3.6124634743,0.8101767302,0.8081028461,0.7718080282,8.4571104050,8.5401401520,7.5509309769,0.2847541869,0.2907619178,0.2265959084,16.2655200958,16.2594394684,16.2415199280,1.0335384607,1.0327657461,1.0305284262,17.6982955933,17.6657943726,17.6307029724,1.2236399651,1.2191596031,1.2143360376,15.4154424667,15.3888931274,14.8705301285,0.9302613139,0.9266527295,0.8658002615
98000,6.3281583786,6.3311243057,6.3550119400,2.8800222874,2.8746399879,2.9216609001,7.9237895012,8.0226144791,7.8451633453,4.5229067802,4.6372447014,4.5126714706,3.7308840752,3.7253143787,3.6349315643,0.8234815001,0.8209506869,0.7811649442,8.5593376160,8.6672983170,7.5755152702,0.2910934091,0.2990587950,0.2281695604,16.2819652557,16.2750015259,16.2557392120,1.0356284380,1.0347408056,1.0323396921,17.7195968628,17.6778259277,17.6427631378,1.2265822887,1.2208179235,1.2160108089,15.4569826126,15.4088850021,14.8591260910,0.9352833629,0.9289192557,0.8647044301
99000,6.0874419212,6.0932741165,6.1060171127,2.7719759941,2.7850387096,2.8217136860,7.6258568764,7.7392821312,7.5716428757,4.3260903358,4.4580445290,4.3404531479,3.7126810551,3.7104721069,3.6219487190,0.8159364462,0.8149724603,0.7758842707,8.5184907913,8.6146011353,7.5571589470,0.2891046107,0.2962669134,0.2271086872,16.2821617126,16.2720050812,16.2528114319,1.0356616974,1.0343695879,1.0319702625,17.7353382111,17.6946353912,17.6564617157,1.2287828922,1.2231560946,1.2178986073,15.4425554276,15.4131698608,14.8505496979,0.9336240292,0.9296422005,0.8635712862
100000,5.9640898705,5.9595012665,5.9838776588,2.7353482246,2.7363898754,2.7789828777,7.4990420341,7.5992660522,7.4492206573,4.2584886551,4.3774681091,4.2756948471,3.7034795284,3.6985342503,3.6133077145,0.8121014833,0.8098466396,0.7722789049,8.4911231995,8.5666723251,7.5387978554,0.2872990668,0.2929325998,0.2260206342,16.2797851562,16.2726821899,16.2540912628,1.0353587866,1.0344573259,1.0321369171,17.7456035614,17.7085762024,17.6707134247,1.2302072048,1.2250868082,1.2198705673,15.4313745499,15.3756370544,14.8342351913,0.9324719906,0.9252300858,0.8617473841
101000,6.2876801491,6.2929635048,6.2918801308,2.8771233559,2.8806853294,2.9168760777,7.8846073151,8.0045700073,7.8070650101,4.5122046471,4.6549673080,4.5120739937,3.7292714119,3.7255413532,3.6304140091,0.8234473467,0.8217077851,0.7795901299,8.5664529800,8.6751785278,7.5711183548,0.2927457988,0.3007334471,0.2284966707,16.2895622253,16.2856998444,16.2648220062,1.0366015434,1.0361155272,1.0335063934,17.7627525330,17.7261867523,17.6809844971,1.2325906754,1.2275419235,1.2212975025,15.4688091278,15.3985843658,14.8343973160,0.9370582700,0.9279523492,0.8619372249
102000,6.1275820732,6.1348576546,6.1477360725,2.7953872681,2.7982161045,2.8417017460,7.7136821747,7.8036022186,7.6478447914,4.3982529640,4.5057291985,4.4003601074,3.7163202763,3.7114911079,3.6240887642,0.8177808523,0.8156254888,0.7770259380,8.5434789658,8.6393098831,7.5862011909,0.2909215391,0.2980835140,0.2294605076,16.2990417480,16.2917022705,16.2726554871,1.0378109217,1.0368742943,1.0345008373,17.7809543610,17.7425346375,17.7007389069,1.2351087332,1.2297912836,1.2240264416,15.3914918900,15.3538589478,14.7962055206,0.9275006056,0.9225354791,0.8573343158
103000,6.2040305138,6.2071619034,6.2256069183,2.8461821079,2.8508987427,2.8932275772,7.7707824707,7.8744864464,7.7164869308,4.4289593697,4.5564465523,4.4523415565,3.7174396515,3.7124776840,3.6217038631,0.8183567524,0.8160892129,0.7759696841,8.5594778061,8.6462287903,7.5485286713,0.2924447060,0.2988043427,0.2269955277,16.3019618988,16.2947521210,16.2761020660,1.0381820202,1.0372661352,1.0349438190,17.7956218719,17.7562580109,17.7133045197,1.2371603251,1.2317030430,1.2257713079,15.4326190948,15.3867187500,14.8029232025,0.9326213002,0.9266213179,0.8582293987
104000,5.8653059006,5.8686347008,5.8558769226,2.6642818451,2.6680390835,2.6886565685,7.4313688278,7.5000472069,7.3434443474,4.1988825798,4.2842450142,4.1778287888,3.7086033821,3.7023172379,3.6134912968,0.8150378466,0.8122155666,0.7728832960,8.5545921326,8.6466712952,7.5949077606,0.2924486995,0.2995315194,0.2302554995,16.3078422546,16.3006858826,16.2814235687,1.0389380455,1.0380263329,1.0356224775,17.8144817352,17.7746658325,17.7317028046,1.2397810221,1.2342609167,1.2283138037,15.3510560989,15.3280324936,14.7500600815,0.9227730036,0.9196276069,0.8519554734
105000,6.2962317467,6.2991371155,6.3182954788,2.8619992733,2.8671450615,2.9052293301,7.8940372467,8.0130977631,7.8318052292,4.4969811440,4.6363873482,4.5099339485,3.7222843170,3.7185430527,3.6237850189,0.8202306628,0.8185030818,0.7766984701,8.5735378265,8.6770887375,7.5547866821,0.2929966152,0.3005474508,0.2271373570,16.3151245117,16.3073101044,16.2915115356,1.0398621559,1.0388708115,1.0369108915,17.8257160187,17.7816486359,17.7404327393,1.2413549423,1.2352421284,1.2295392752,15.4309091568,15.3868331909,14.7639856339,0.9324795604,0.9266505241,0.8537474275
106000,6.1620841026,6.1603436470,6.1812491417,2.8069949150,2.8236591816,2.8582000732,7.7264447212,7.8691902161,7.6839413643,4.3955326080,4.5594110489,4.4236969948,3.7100505829,3.7102174759,3.6181867123,0.8150709271,0.8151943684,0.7745563984,8.5214395523,8.6180067062,7.5435271263,0.2897981107,0.2970594466,0.2267933339,16.3174877167,16.3064804077,16.2912044525,1.0401692390,1.0387691259,1.0368746519,17.8404350281,17.7948913574,17.7528457642,1.2434146404,1.2370840311,1.2312607765,15.3697872162,15.3297700882,14.7443914413,0.9252317548,0.9198880196,0.8516695499
107000,6.0080156326,6.0095605850,6.0391483307,2.7443766594,2.7540187836,2.7995123863,7.5722465515,7.6964459419,7.5228099823,4.3092541695,4.4504117966,4.3204154968,3.7000637054,3.6993312836,3.6106343269,0.8108366132,0.8105332255,0.7714115381,8.4992876053,8.5841808319,7.5221948624,0.2883937061,0.2946594656,0.2252693474,16.3177280426,16.3094902039,16.2910041809,1.0402004719,1.0391521454,1.0368515253,17.8497486115,17.8106307983,17.7649230957,1.2447147369,1.2392747402,1.2329406738,15.3378238678,15.2953329086,14.7211904526,0.9214500785,0.9158554077,0.8488783836
108000,6.2713871002,6.2724456787,6.3174839020,2.9031047821,2.9125287533,2.9719440937,7.8609366417,7.9782776833,7.8109459877,4.5363125801,4.6752052307,4.5581688881,3.7065382004,3.7044768333,3.6144208908,0.8134382963,0.8124898672,0.7727800012,8.5098648071,8.6040029526,7.5068364143,0.2890963554,0.2959436774,0.2243332416,16.3260898590,16.3174152374,16.3011054993,1.0412652493,1.0401612520,1.0381393433,17.8629684448,17.8204326630,17.7771301270,1.2465584278,1.2406444550,1.2346415520,15.3764266968,15.3348283768,14.7285499573,0.9260546565,0.9205963016,0.8497294784
109000,6.1219987869,6.1248278618,6.1352486610,2.7824077606,2.7914667130,2.8170115948,7.7203555107,7.8149881363,7.6401753426,4.3894281387,4.4997568130,4.3731489182,3.7144846916,3.7101252079,3.6181349754,0.8172345161,0.8153213263,0.7746429443,8.5687494278,8.6523227692,7.5674967766,0.2931211293,0.2994630337,0.2282310724,16.3329410553,16.3282032013,16.3066101074,1.0421421528,1.0415391922,1.0388411283,17.8831901550,17.8447628021,17.7907676697,1.2493854761,1.2440420389,1.2365357876,15.3458881378,15.2985563278,14.7057409286,0.9224057794,0.9163007736,0.8471479416
110000,6.0740914345,6.0759749413,6.1085853577,2.8011503220,2.8015222549,2.8529512882,7.6471366882,7.7454743385,7.5889286995,4.3757343292,4.4860076904,4.3814902306,3.7025027275,3.6963768005,3.6083214283,0.8120532036,0.8093059659,0.7704517245,8.5030679703,8.5886163712,7.5166368484,0.2888652384,0.2952359915,0.2249474227,16.3323669434,16.3258132935,16.3069934845,1.0420713425,1.0412374735,1.0388945341,17.8990230560,17.8556213379,17.8036155701,1.2516123056,1.2455641031,1.2383275032,15.3294925690,15.2680683136,14.6864757538,0.9207373857,0.9128020406,0.8450027108
111000,6.0588383675,6.0620369911,6.0936141014,2.7683057785,2.7716300488,2.8263282776,7.6469306946,7.7381467819,7.5929622650,4.3668179512,4.4736332893,4.3767781258,3.6982870102,3.6945943832,3.6066799164,0.8102231622,0.8086655736,0.7698005438,8.5216770172,8.6201372147,7.5357050896,0.2900874615,0.2974747121,0.2262286246,16.3470859528,16.3382396698,16.3195095062,1.0439517498,1.0428216457,1.0404894352,17.9179344177,17.8749904633,17.8246040344,1.2542523146,1.2482583523,1.2412472963,15.2619562149,15.2299728394,14.6332855225,0.9123501778,0.9081411362,0.8388193250
112000,6.1601996422,6.1609034538,6.2029414177,2.7948012352,2.8062646389,2.8592514992,7.7621622086,7.8709206581,7.7026386261,4.4112367630,4.5393838882,4.4144191742,3.7103526592,3.7060256004,3.6184601784,0.8153815269,0.8134250641,0.7748247981,8.5486526489,8.6250953674,7.5477542877,0.2918699682,0.2976223826,0.2268924117,16.3481273651,16.3394298553,16.3175678253,1.0440881252,1.0429813862,1.0402467251,17.9288120270,17.8822727203,17.8277549744,1.2557922602,1.2493009567,1.2416973114,15.3451929092,15.2776584625,14.7107400894,0.9225703478,0.9139721990,0.8479255438
113000,5.9795084000,5.9794640541,5.9825930595,2.7025806904,2.7033255100,2.7268924713,7.5822777748,7.6673073769,7.4995875359,4.2770051956,4.3774743080,4.2580428123,3.7144048214,3.7097253799,3.6161377430,0.8179609776,0.8158668280,0.7741999626,8.5831766129,8.6826391220,7.5935382843,0.2953689396,0.3028295338,0.2302569449,16.3539009094,16.3468170166,16.3265380859,1.0448310375,1.0439285040,1.0413970947,17.9493999481,17.9014225006,17.8461627960,1.2586929798,1.2519947290,1.2442674637,15.3336381912,15.2702932358,14.6844997406,0.9214533567,0.9132843018,0.8448968530
114000,5.9184637070,5.9225101471,5.9407153130,2.7194302082,2.7355642319,2.7647562027,7.4839682579,7.5892033577,7.4268579483,4.2569565773,4.3783226013,4.2661862373,3.6920046806,3.6904125214,3.5992016792,0.8080179095,0.8073301315,0.7668963075,8.4892244339,8.5781688690,7.5093607903,0.2889284790,0.2956430018,0.2248317152,16.3571128845,16.3437976837,16.3281345367,1.0452460051,1.0435452461,1.0416036844,17.9625835419,17.9128971100,17.8593730927,1.2605482340,1.2536067963,1.2461121082,15.3099441528,15.2747211456,14.6534786224,0.9185724258,0.9138592482,0.8412224650
115000,6.0604033470,6.0606527328,6.1005291939,2.8065030575,2.8114504814,2.8746087551,7.6218366623,7.7542362213,7.5880045891,4.3698515892,4.5161366463,4.4019579887,3.6930480003,3.6897792816,3.6016943455,0.8083362579,0.8068239689,0.7678998709,8.4732837677,8.5805196762,7.4972486496,0.2875404358,0.2954097390,0.2241526991,16.3649673462,16.3532695770,16.3341922760,1.0462505817,1.0447564125,1.0423800945,17.9806098938,17.9287700653,17.8719215393,1.2630852461,1.2558262348,1.2478755713,15.2849321365,15.2269668579,14.6297779083,0.9156819582,0.9081397057,0.8386510015
116000,5.9969954491,5.9990782738,6.0244226456,2.7279353142,2.7472503185,2.7850360870,7.5737404823,7.7020063400,7.5292353630,4.2936172485,4.4374494553,4.3128366470,3.6970961094,3.6961042881,3.6063857079,0.8102139235,0.8097624183,0.7700492740,8.5050210953,8.6120061874,7.5349659920,0.2899790406,0.2978647649,0.2265302986,16.3691158295,16.3591918945,16.3397083282,1.0467848778,1.0455166101,1.0430867672,17.9912147522,17.9419784546,17.8856029510,1.2645808458,1.2576777935,1.2497850657,15.2622194290,15.2164325714,14.6152801514,0.9130493402,0.9070591331,0.8371230364
117000,6.1927757263,6.1940207481,6.2227120399,2.8380789757,2.8453767300,2.8926205635,7.8009529114,7.9183144569,7.7310709953,4.4657635689,4.5972824097,4.4590277672,3.7071533203,3.7052836418,3.6111776829,0.8143121600,0.8134542704,0.7719029188,8.5576314926,8.6725645065,7.5277547836,0.2929798365,0.3016073704,0.2259474397,16.3822193146,16.3723640442,16.3510627747,1.0484559536,1.0471974611,1.0445405245,18.0128402710,17.9634780884,17.9023437500,1.2676150799,1.2606891394,1.2521399260,15.2682857513,15.2302379608,14.5986928940,0.9135833979,0.9084698558,0.8351698518
118000,6.2969360352,6.3028378487,6.2867140770,2.8387513161,2.8487389088,2.8534591198,7.9298949242,8.0370321274,7.8358082771,4.4900054932,4.6112365723,4.4613099098,3.7374348640,3.7326147556,3.6311016083,0.8279198408,0.8257255554,0.7805866003,8.6941623688,8.8054533005,7.6312975883,0.3028838933,0.3113678396,0.2330378741,16.3922843933,16.3884868622,16.3638420105,1.0497466326,1.0492671728,1.0461829901,18.0315093994,17.9874191284,17.9139442444,1.2702671289,1.2640943527,1.2537736893,15.3383255005,15.2777490616,14.6128931046,0.9221367240,0.9144000411,0.8368101716
119000,6.4404544830,6.4472417831,6.4809308052,2.9253227711,2.9370355606,2.9813778400,8.0692577362,8.1833953857,8.0205154419,4.5921611786,4.7186508179,4.6140646935,3.7322683334,3.7310874462,3.6333699226,0.8252233267,0.8246750832,0.7813889980,8.6550569534,8.7694005966,7.5829048157,0.2998819649,0.3084228337,0.2296650410,16.3957195282,16.3891220093,16.3647975922,1.0501875877,1.0493448973,1.0463107824,18.0377845764,17.9965991974,17.9235153198,1.2711617947,1.2653856277,1.2551276684,15.3291110992,15.2774133682,14.6260910034,0.9210761189,0.9143366814,0.8385928869
120000,5.8825917244,5.8830699921,5.8581643105,2.6597352028,2.6606845856,2.6851081848,7.4766030312,7.5566310883,7.3791913986,4.2148671150,4.3041744232,4.1818075180,3.7076945305,3.7018070221,3.6058239937,0.8157275915,0.8131027222,0.7703369260,8.6326217651,8.7313022614,7.5966911316,0.2994223237,0.3072591424,0.2310338616,16.3981285095,16.3912467957,16.3652839661,1.0505043268,1.0496269464,1.0463706255,18.0655670166,18.0193214417,17.9463977814,1.2750649452,1.2685754299,1.2583140135,15.2054977417,15.1666517258,14.5251188278,0.9062380195,0.9012396932,0.8267031908
121000,6.0227642059,6.0259022713,6.0427708626,2.7519228458,2.7626183033,2.7925541401,7.6054410934,7.7234930992,7.5464482307,4.3197660446,4.4537510872,4.3224959373,3.6983118057,3.6963727474,3.6007568836,0.8110568523,0.8102141023,0.7677904963,8.5462770462,8.6572217941,7.5360279083,0.2930939198,0.3013740182,0.2268068641,16.4036998749,16.3924751282,16.3744068146,1.0512249470,1.0497839451,1.0475430489,18.0809898376,18.0258407593,17.9614925385,1.2772605419,1.2694932222,1.2604439259,15.1898212433,15.1440477371,14.4966135025,0.9045947194,0.8985806704,0.8235701323
122000,6.1803431511,6.1838812828,6.1921348572,2.8068361282,2.8169167042,2.8462309837,7.7791366577,7.9043712616,7.7166261673,4.4086270332,4.5508289337,4.4150395393,3.7157280445,3.7102069855,3.6130297184,0.8185698390,0.8160631657,0.7729791999,8.6248741150,8.7613773346,7.5726280212,0.2983890474,0.3087457120,0.2291874141,16.4133281708,16.4031105042,16.3822441101,1.0524568558,1.0511487722,1.0485519171,18.0958080292,18.0387840271,17.9704494476,1.2793742418,1.2713482380,1.2617150545,15.2614908218,15.2085962296,14.5292577744,0.9132077098,0.9063219428,0.8274509311
123000,6.2103433609,6.2137174606,6.2246026993,2.8407988548,2.8469147682,2.8814759254,7.8208379745,7.9149804115,7.7459731102,4.4570121765,4.5666589737,4.4538908005,3.7148265839,3.7099640369,3.6120400429,0.8183236122,0.8160710931,0.7726658583,8.6326828003,8.7402791977,7.5592288971,0.2989893854,0.3070898652,0.2285009623,16.4150047302,16.4092559814,16.3856372833,1.0526739359,1.0519373417,1.0489891768,18.1090526581,18.0627918243,17.9842243195,1.2812433243,1.2747193575,1.2636541128,15.2401838303,15.1956310272,14.5059585571,0.9105748534,0.9047946334,0.8247413635
124000,5.5811929703,5.5814642906,5.6348757744,2.5867671967,2.5769746304,2.6536192894,7.1281437874,7.2213459015,7.0697588921,4.0550804138,4.1646218300,4.0477433205,3.6493484974,3.6422100067,3.5647380352,0.7900618315,0.7868235707,0.7528306246,8.3533163071,8.4206123352,7.4171042442,0.2799689472,0.2849533260,0.2191413045,16.3990516663,16.3948040009,16.3712081909,1.0506343842,1.0500891209,1.0471364260,18.1103782654,18.0668163300,18.0001087189,1.2814154625,1.2752525806,1.2658710480,15.0840711594,15.0009584427,14.4583673477,0.8922273517,0.8817144036,0.8192357421
125000,6.2691631317,6.2721667290,6.2846484184,2.8585898876,2.8722944260,2.9000673294,7.8745632172,8.0208206177,7.8114213943,4.4777121544,4.6388535500,4.4828090668,3.7158460617,3.7161514759,3.6148016453,0.8186265230,0.8187283874,0.7736776471,8.5998544693,8.7300081253,7.5451569557,0.2970837653,0.3066239655,0.2274317890,16.4252510071,16.4163475037,16.3940105438,1.0539979935,1.0528596640,1.0500749350,18.1355953217,18.0832023621,18.0055274963,1.2850508690,1.2776571512,1.2666741610,15.2560157776,15.1853923798,14.5103950500,0.9129124284,0.9038146734,0.8254703283
126000,6.0095829964,6.0150990486,6.0291419029,2.7503039837,2.7564191818,2.7981562614,7.6085896492,7.7031970024,7.5361557007,4.3231844902,4.4360246658,4.3169131279,3.6991324425,3.6916646957,3.5999333858,0.8117510080,0.8083366156,0.7676738501,8.5852756500,8.6731395721,7.5401930809,0.2961853147,0.3027895093,0.2273175716,16.4327964783,16.4237995148,16.4002361298,1.0549637079,1.0538101196,1.0508673191,18.1611976624,18.1072120667,18.0287189484,1.2886524200,1.2810273170,1.2699278593,15.1543388367,15.0933685303,14.4436674118,0.9005422592,0.8927889466,0.8176215291
127000,5.8470969200,5.8506298065,5.8996677399,2.7123751640,2.7212212086,2.7918899059,7.4085855484,7.5072517395,7.3624744415,4.2438578606,4.3596863747,4.2562875748,3.6626565456,3.6584396362,3.5766875744,0.7956334352,0.7937474847,0.7578064799,8.4262685776,8.5272941589,7.4432110786,0.2849703431,0.2925351262,0.2209953517,16.4303588867,16.4189720154,16.3982276917,1.0546543598,1.0531895161,1.0506070852,18.1652565002,18.1094837189,18.0414867401,1.2892107964,1.2813115120,1.2717139721,15.0613603592,15.0333337784,14.4218626022,0.8894220591,0.8856412172,0.8152691126
128000,6.4443826675,6.4514861107,6.4546747208,2.9063305855,2.9264392853,2.9466264248,8.0949993134,8.2306346893,8.0269336700,4.5887236595,4.7403440475,4.5941967964,3.7465589046,3.7438910007,3.6336867809,0.8322251439,0.8309923410,0.7817430496,8.7709693909,8.9109163284,7.6341581345,0.3091507852,0.3199611306,0.2334036380,16.4609298706,16.4471759796,16.4285545349,1.0585861206,1.0568259954,1.0545188189,18.2012367249,18.1339721680,18.0559577942,1.2943928242,1.2848964930,1.2738041878,15.2874698639,15.2269201279,14.4664726257,0.9167211056,0.9088802934,0.8205336928
129000,6.3766031265,6.3784017563,6.4124617577,2.9035117626,2.9067769051,2.9590473175,8.0071096420,8.1262216568,7.9455990791,4.5503873825,4.6837329865,4.5659894943,3.7289869785,3.7217071056,3.6213593483,0.8244275451,0.8210516572,0.7764865756,8.6989727020,8.7904901505,7.5685858727,0.3039103448,0.3108851016,0.2289267629,16.4561347961,16.4486751556,16.4254169464,1.0579680204,1.0570154190,1.0541151762,18.2102470398,18.1520843506,18.0665092468,1.2956932783,1.2874559164,1.2752946615,15.2445211411,15.1608524323,14.4601554871,0.9115951657,0.9009954333,0.8199054599
130000,6.2392964363,6.2410144806,6.2846641541,2.8413362503,2.8544099331,2.9083867073,7.8447031975,7.9718246460,7.8028683662,4.4514732361,4.5959734917,4.4804568291,3.7092850208,3.7066431046,3.6108741760,0.8157876134,0.8145904541,0.7721819282,8.6120996475,8.7158479691,7.5375614166,0.2979243398,0.3056437969,0.2270103395,16.4604187012,16.4483165741,16.4271945953,1.0585281849,1.0569709539,1.0543442965,18.2211151123,18.1607303619,18.0806312561,1.2972304821,1.2886674404,1.2772909403,15.2047319412,15.1377668381,14.4350748062,0.9069386721,0.8984279037,0.8169952631
131000,6.1506633759,6.1558265686,6.1803932190,2.8171710968,2.8247525692,2.8721997738,7.7464861870,7.8600082397,7.6945767403,4.3993186951,4.5268468857,4.4166965485,3.7121434212,3.7067689896,3.6095569134,0.8175300360,0.8150358796,0.7718322277,8.6258640289,8.7485675812,7.5569076538,0.2992328107,0.3085604608,0.2284481227,16.4672107697,16.4533557892,16.4308605194,1.0594030619,1.0576202869,1.0548160076,18.2478504181,18.1833114624,18.0978221893,1.3010513783,1.2918874025,1.2797225714,15.1921634674,15.1354207993,14.4326686859,0.9055458903,0.8981806040,0.8166379333
132000,6.0212287903,6.0258278847,6.0561270714,2.7596018314,2.7639477253,2.8193655014,7.6215419769,7.7378511429,7.5646157265,4.3367810249,4.4712977409,4.3420433998,3.6915750504,3.6873831749,3.5932836533,0.8085467219,0.8066751957,0.7649565935,8.5619621277,8.6714620590,7.5007033348,0.2948169410,0.3031531274,0.2248812020,16.4645042419,16.4575786591,16.4322929382,1.0590550900,1.0581653118,1.0550034046,18.2505073547,18.1961231232,18.1111221313,1.3013993502,1.2936680317,1.2816016674,15.0997686386,15.0345258713,14.3637113571,0.8945170045,0.8861603141,0.8089653254
133000,6.5772743225,6.5846781731,6.5795402527,2.9732501507,2.9915955067,3.0119662285,8.2465801239,8.3525066376,8.1496515274,4.6994876862,4.8205785751,4.6738500595,3.7494726181,3.7430007458,3.6377079487,0.8334839344,0.8305228949,0.7835268378,8.8083209991,8.8928117752,7.6416988373,0.3118171394,0.3184742332,0.2339787632,16.4961376190,16.4815349579,16.4541702271,1.0631297827,1.0612585545,1.0578277111,18.2880878448,18.2203083038,18.1236724854,1.3068131208,1.2972152233,1.2834174633,15.2422590256,15.1848487854,14.4209213257,0.9113825560,0.9041507244,0.8154601455
134000,6.0512194633,6.0529727936,6.0758981705,2.7475469112,2.7518517971,2.7965226173,7.6711635590,7.7673811913,7.5812306404,4.3506493568,4.4573493004,4.3161334991,3.6981315613,3.6938409805,3.5989823341,0.8113519549,0.8093751073,0.7673942447,8.6003093719,8.7027788162,7.5277523994,0.2973021269,0.3051000834,0.2265001982,16.4844017029,16.4747314453,16.4513435364,1.0616214275,1.0603706837,1.0574570894,18.2852439880,18.2287216187,18.1444492340,1.3063700199,1.2983125448,1.2863384485,15.0955457687,15.0400714874,14.3519201279,0.8940920234,0.8869102597,0.8076352477
135000,5.9955878258,5.9979825020,6.0415782928,2.7567222118,2.7572171688,2.8197605610,7.5842742920,7.7069301605,7.5351023674,4.3115878105,4.4503264427,4.3215479851,3.6877167225,3.6817719936,3.5895886421,0.8070806861,0.8043497205,0.7635171413,8.5456380844,8.6408081055,7.4997711182,0.2940567136,0.3012861609,0.2248701304,16.4799976349,16.4712028503,16.4491424561,1.0610609055,1.0599312782,1.0571810007,18.3014755249,18.2403697968,18.1545372009,1.3087217808,1.3000217676,1.2877700329,15.1067380905,15.0149822235,14.3372764587,0.8958209157,0.8842245340,0.8062033057
136000,6.2350692749,6.2419953346,6.2454571724,2.8272740841,2.8384487629,2.8669507504,7.8510813713,7.9653320312,7.7711830139,4.4504704475,4.5771365166,4.4376020432,3.7160823345,3.7110102177,3.6090497971,0.8192294836,0.8168879151,0.7716098428,8.6803159714,8.7904376984,7.5566835403,0.3030053377,0.3114386201,0.2284270525,16.5004749298,16.4905681610,16.4663696289,1.0637025833,1.0624277592,1.0594042540,18.3288249969,18.2672996521,18.1713066101,1.3126440048,1.3038817644,1.2901725769,15.1121501923,15.0518646240,14.3215284348,0.8960424662,0.8883668780,0.8044625521
137000,6.2564959526,6.2552466393,6.2825136185,2.8936684132,2.9048604965,2.9535608292,7.8546509743,7.9587697983,7.8012347221,4.4894633293,4.6109199524,4.5130329132,3.7112538815,3.7081577778,3.6044816971,0.8174651861,0.8160789013,0.7697654963,8.6617221832,8.7806844711,7.5383782387,0.3026930094,0.3118829429,0.2277086377,16.5058994293,16.4926528931,16.4676876068,1.0644083023,1.0627043247,1.0595788956,18.3518829346,18.2831382751,18.1833305359,1.3160160780,1.3062051535,1.2918895483,15.1443357468,15.0897741318,14.3289508820,0.9002916813,0.8932291269,0.8051910996
138000,5.9419474602,5.9460864067,5.9599213600,2.6959857941,2.7028195858,2.7323067188,7.5188689232,7.6214342117,7.4507870674,4.2157988548,4.3326635361,4.2088789940,3.6999993324,3.6919109821,3.5936434269,0.8128719330,0.8091551661,0.7654511333,8.6444873810,8.7351617813,7.5352406502,0.3013227284,0.3082503378,0.2271396220,16.5051612854,16.4973297119,16.4710025787,1.0643125772,1.0633000135,1.0600043535,18.3611812592,18.3025875092,18.2002391815,1.3173166513,1.3089379072,1.2942878008,15.0591115952,14.9963970184,14.2694234848,0.8903244138,0.8823804259,0.7985373735
139000,5.8180165291,5.8213815689,5.8219566345,2.6621656418,2.6677811146,2.6953547001,7.3917970657,7.4825549126,7.3093314171,4.1660223007,4.2702822685,4.1448235512,3.6865563393,3.6799900532,3.5816943645,0.8074640632,0.8044301867,0.7605574727,8.6000947952,8.6944541931,7.5166101456,0.2989459038,0.3062281609,0.2263142467,16.5084209442,16.4974269867,16.4724121094,1.0647397041,1.0633202791,1.0601881742,18.3805351257,18.3161621094,18.2179241180,1.3201019764,1.3108886480,1.2968060970,14.9980239868,14.9383668900,14.2285757065,0.8830695748,0.8754464984,0.7938088179
140000,6.1359033585,6.1415162086,6.1583600044,2.7816810608,2.7846651077,2.8318192959,7.7467226982,7.8643069267,7.6703157425,4.3835272789,4.5144219398,4.3680324554,3.7012515068,3.6962497234,3.5984721184,0.8130272627,0.8107066154,0.7673193812,8.6371450424,8.7411670685,7.5428299904,0.3005660176,0.3082425594,0.2277131826,16.5243358612,16.5124664307,16.4873428345,1.0667989254,1.0652602911,1.0621221066,18.3936386108,18.3282337189,18.2299537659,1.3219920397,1.3126175404,1.2985420227,15.0406618118,14.9599542618,14.2562332153,0.8879905343,0.8778157234,0.7971132398
141000,6.4976878166,6.5002079010,6.5254378319,2.9695289135,2.9746453762,3.0279028416,8.1426248550,8.2398319244,8.0546197891,4.6562600136,4.7694129944,4.6402640343,3.7319393158,3.7250092030,3.6188695431,0.8261022568,0.8228614926,0.7756674886,8.7711019516,8.8775262833,7.5786762238,0.3094010651,0.3175887167,0.2299696207,16.5414733887,16.5304145813,16.5030975342,1.0690058470,1.0675785542,1.0641590357,18.4280376434,18.3573112488,18.2461280823,1.3269810677,1.3168611526,1.3008722067,15.1332311630,15.0681705475,14.2678108215,0.8989173174,0.8906636238,0.7985306978
142000,5.9386072159,5.9414734840,5.9347910881,2.7003879547,2.7052924633,2.7243192196,7.5177497864,7.6228027344,7.4333820343,4.2249093056,4.3446822166,4.2007050514,3.6952307224,3.6899182796,3.5889782906,0.8111201525,0.8086266518,0.7636931539,8.6530084610,8.7496547699,7.5345292091,0.3024104834,0.3097409904,0.2275062799,16.5289077759,16.5199222565,16.4915466309,1.0673931837,1.0662342310,1.0626707077,18.4288330078,18.3692989349,18.2586193085,1.3270879984,1.3185492754,1.3026331663,15.0244836807,14.9664249420,14.2156953812,0.8864573240,0.8790923357,0.7926303744
143000,6.3329081535,6.3342251778,6.3680815697,2.9036118984,2.9208238125,2.9720249176,7.9332566261,8.0666399002,7.8763589859,4.5268969536,4.6700673103,4.5320253372,3.7058796883,3.7058343887,3.6057271957,0.8147513866,0.8147171736,0.7703481913,8.6466960907,8.7481613159,7.5225663185,0.3010960519,0.3088040352,0.2265686393,16.5414352417,16.5302200317,16.4998950958,1.0690135956,1.0675654411,1.0637546778,18.4382400513,18.3780231476,18.2643833160,1.3284600973,1.3198114634,1.3034850359,15.0898170471,15.0278568268,14.2934417725,0.8940170407,0.8861227036,0.8016455173
144000,5.6458067894,5.6489491463,5.6759166718,2.5978109837,2.6035892963,2.6467030048,7.2017049789,7.2795534134,7.1302828789,4.0465383530,4.1366820335,4.0328016281,3.6626260281,3.6566965580,3.5643451214,0.7974385023,0.7947114110,0.7536017895,8.4884166718,8.5830945969,7.4450564384,0.2919688225,0.2991240919,0.2221469730,16.5235023499,16.5179214478,16.4905891418,1.0667028427,1.0659834146,1.0625488758,18.4473457336,18.3931274414,18.2892532349,1.3297624588,1.3219879866,1.3070114851,14.9469041824,14.8828001022,14.1898860931,0.8777290583,0.8696564436,0.7897799611
145000,6.1953210831,6.1994729042,6.2065067291,2.8180165291,2.8255519867,2.8603513241,7.8091216087,7.9088606834,7.7318243980,4.4157123566,4.5276188850,4.4078707695,3.7132542133,3.7062633038,3.6039788723,0.8186603785,0.8154708743,0.7698681951,8.7238883972,8.8231754303,7.5620832443,0.3072045743,0.3148902655,0.2292756289,16.5581569672,16.5463657379,16.5188198090,1.0711830854,1.0696547031,1.0662050247,18.4881095886,18.4191265106,18.3065834045,1.3356709480,1.3257455826,1.3095213175,15.0728616714,15.0105972290,14.2274427414,0.8921027780,0.8842684031,0.7939454913
146000,6.0945720673,6.1004161835,6.1204833984,2.7591562271,2.7730884552,2.8057439327,7.6829671860,7.8039884567,7.6230249405,4.2988748550,4.4296278954,4.3037986755,3.7116367817,3.7074391842,3.6026990414,0.8181679845,0.8161685467,0.7694325447,8.6877794266,8.8089771271,7.5483460426,0.3050286770,0.3142169118,0.2283370644,16.5544338226,16.5432167053,16.5152816772,1.0707123280,1.0692621469,1.0657570362,18.5012531281,18.4310226440,18.3141860962,1.3376293182,1.3275202513,1.3106262684,15.0697717667,15.0077247620,14.2346487045,0.8923054338,0.8842931986,0.7949991822
147000,6.1255960464,6.1281299591,6.1543712616,2.8055183887,2.8069779873,2.8581447601,7.7377338409,7.8297181129,7.6645274162,4.3838915825,4.4862742424,4.3740515709,3.7080128193,3.6992278099,3.5970103741,0.8166608810,0.8125894666,0.7670029998,8.6864566803,8.7936096191,7.5286822319,0.3048867285,0.3130484223,0.2271087021,16.5547790527,16.5481777191,16.5186748505,1.0707457066,1.0698974133,1.0661925077,18.5119819641,18.4441814423,18.3267936707,1.3391581774,1.3294140100,1.3124400377,15.0418586731,14.9638919830,14.1982679367,0.8888569474,0.8790438175,0.7908858061
148000,6.2435688972,6.2475442886,6.2777652740,2.8508374691,2.8561232090,2.9065811634,7.8660445213,7.9656090736,7.7920923233,4.4618682861,4.5729379654,4.4539065361,3.7121236324,3.7049279213,3.6015882492,0.8180671930,0.8147213459,0.7687496543,8.7010641098,8.8223257065,7.5312275887,0.3054639399,0.3147054315,0.2271502465,16.5711936951,16.5622291565,16.5347499847,1.0728799105,1.0717213154,1.0682797432,18.5277786255,18.4589271545,18.3465251923,1.3414498568,1.3315230608,1.3152829409,15.0240898132,14.9592609406,14.1632862091,0.8866040707,0.8783065081,0.7870460153
149000,6.1612758636,6.1612596512,6.1770100594,2.8222575188,2.8304138184,2.8727126122,7.7678270340,7.8633079529,7.6891250610,4.4004945755,4.5086097717,4.3898124695,3.7037882805,3.6987919807,3.5996294022,0.8147875071,0.8124818802,0.7683057189,8.6718730927,8.7456340790,7.5374021530,0.3041537702,0.3098510802,0.2281529307,16.5752353668,16.5628032684,16.5345020294,1.0734113455,1.0717986822,1.0682487488,18.5422916412,18.4772491455,18.3599243164,1.3435660601,1.3341938257,1.3172051907,15.0342950821,14.9754276276,14.2164373398,0.8880368471,0.8806624413,0.7930949330
150000,5.8522686958,5.8551902771,5.8545136452,2.6726007462,2.6773998737,2.7075669765,7.4473128319,7.5147609711,7.3637328148,4.1797957420,4.2645893097,4.1671156883,3.6935429573,3.6842095852,3.5827634335,0.8112309575,0.8069639206,0.7614956498,8.6418085098,8.7508525848,7.5333957672,0.3029747009,0.3117311597,0.2282294035,16.5786437988,16.5628643036,16.5410747528,1.0738593340,1.0718169212,1.0691028833,18.5812625885,18.4960651398,18.3888797760,1.3492269516,1.3369408846,1.3213552237,14.9459571838,14.8670501709,14.1026649475,0.8779197335,0.8679835200,0.7802047729
151000,6.0149435997,6.0179815292,6.0210232735,2.7330048084,2.7353606224,2.7689759731,7.6372909546,7.7192039490,7.5346517563,4.3024873734,4.3996419907,4.2606320381,3.7040834427,3.6943624020,3.5925490856,0.8153653741,0.8108660579,0.7653818130,8.6951465607,8.7928771973,7.5507926941,0.3060479760,0.3136234283,0.2289467156,16.5923652649,16.5782375336,16.5496425629,1.0756368637,1.0738059282,1.0702170134,18.5967788696,18.5139713287,18.3968544006,1.3514759541,1.3395148516,1.3225265741,14.9247150421,14.8347816467,14.0886411667,0.8753694296,0.8641018271,0.7787598372
152000,6.0681905746,6.0708642006,6.1107573509,2.7872009277,2.8083302975,2.8553874493,7.6476912498,7.7881278992,7.5933175087,4.3288688660,4.4917588234,4.3369126320,3.6849651337,3.6825170517,3.5839040279,0.8065227866,0.8053445816,0.7615625858,8.5950813293,8.6878957748,7.4702835083,0.2987991273,0.3057757616,0.2236228883,16.5899429321,16.5740966797,16.5519447327,1.0753306150,1.0732710361,1.0705200434,18.5963687897,18.5193004608,18.4115371704,1.3514362574,1.3402634859,1.3246428967,14.9430389404,14.8843431473,14.1094541550,0.8775488138,0.8700726032,0.7812249064
153000,6.0157718658,6.0194172859,6.0537195206,2.7587058544,2.7743654251,2.8182065487,7.5888805389,7.7146677971,7.5379233360,4.2764062881,4.4160232544,4.2882299423,3.6900148392,3.6848022938,3.5835413933,0.8091645837,0.8066850901,0.7615286708,8.6165666580,8.7314443588,7.4858202934,0.3008247614,0.3096203208,0.2247134298,16.5941600800,16.5794868469,16.5558872223,1.0758816004,1.0739783049,1.0710384846,18.6113853455,18.5336818695,18.4217185974,1.3536504507,1.3424158096,1.3261227608,14.9468965530,14.8762531281,14.0834083557,0.8783046007,0.8694074750,0.7783179283
154000,6.0935149193,6.0996446609,6.0886516571,2.7757520676,2.7782764435,2.7974584103,7.7077665329,7.8158302307,7.6202425957,4.3302860260,4.4519162178,4.3141450882,3.7176687717,3.7080750465,3.5985326767,0.8216716051,0.8172094226,0.7680652142,8.7451963425,8.8709859848,7.5803446770,0.3103082776,0.3199130893,0.2311285436,16.6049880981,16.5918846130,16.5666961670,1.0772978067,1.0755971670,1.0724457502,18.6506824493,18.5616722107,18.4355831146,1.3594239950,1.3465286493,1.3281339407,15.0103893280,14.9127016068,14.0950136185,0.8859406114,0.8736338615,0.7796963453
155000,6.2937421799,6.2961692810,6.2941832542,2.8735849857,2.8821897507,2.9025356770,7.9058794975,8.0374145508,7.8104290962,4.4701337814,4.6113400459,4.4439387321,3.7241687775,3.7180972099,3.6074771881,0.8239694834,0.8210749626,0.7716189623,8.7557067871,8.8630647659,7.5559382439,0.3104595244,0.3185438514,0.2292210162,16.6163730621,16.6052761078,16.5717277527,1.0787693262,1.0773254633,1.0731000900,18.6617908478,18.5852031708,18.4410800934,1.3610514402,1.3499120474,1.3289502859,15.0285196304,14.9350957870,14.1149005890,0.8880417347,0.8762738109,0.7820644379
156000,6.0998349190,6.1003603935,6.1146464348,2.7820708752,2.7863790989,2.8129370213,7.6960630417,7.8192434311,7.6165862083,4.3270912170,4.4629068375,4.3082509041,3.7056603432,3.6993227005,3.5920803547,0.8162027001,0.8132213354,0.7652158737,8.6760950089,8.7809705734,7.5102362633,0.3054038882,0.3133212626,0.2264006138,16.6152133942,16.6038036346,16.5766391754,1.0786277056,1.0771398544,1.0737432241,18.6732940674,18.5966949463,18.4674205780,1.3627322912,1.3515903950,1.3327637911,14.9465980530,14.8548831940,14.0541467667,0.8786551952,0.8671214581,0.7752845883
157000,6.4545116425,6.4573063850,6.4409680367,2.9330825806,2.9329724312,2.9519641399,8.0924015045,8.2036876678,7.9901013374,4.5736823082,4.6968941689,4.5410075188,3.7445154190,3.7361130714,3.6214177608,0.8328902721,0.8290270567,0.7774780393,8.8280658722,8.9521245956,7.6061458588,0.3155902922,0.3250139654,0.2326485366,16.6436347961,16.6310462952,16.5985031128,1.0823202133,1.0806821585,1.0765944719,18.7177467346,18.6293449402,18.4847660065,1.3692905903,1.3564291000,1.3353095055,15.0477685928,14.9448537827,14.0972108841,0.8904162049,0.8775286674,0.7801870704
158000,6.2370471954,6.2383012772,6.2582006454,2.8524997234,2.8680524826,2.9032642841,7.8292818069,7.9382920265,7.7664294243,4.4093546867,4.5309066772,4.4181737900,3.7151443958,3.7112753391,3.6007604599,0.8204336762,0.8185663223,0.7689966559,8.7359876633,8.8417291641,7.5327248573,0.3097722828,0.3178959787,0.2280894965,16.6338939667,16.6199207306,16.5929870605,1.0810595751,1.0792433023,1.0758732557,18.7166576385,18.6376838684,18.5026378632,1.3691233397,1.3576315641,1.3378728628,15.0138959885,14.9475879669,14.0818767548,0.8867574334,0.8783030510,0.7785906196
159000,6.0497794151,6.0561060905,6.0620889664,2.7680711746,2.7723953724,2.7972114086,7.6409673691,7.7626252174,7.5640254021,4.2919611931,4.4277615547,4.2778577805,3.7038962841,3.6968190670,3.5899512768,0.8157482147,0.8124504685,0.7645279169,8.6780147552,8.7983570099,7.5224199295,0.3059450984,0.3151762486,0.2273847908,16.6338081360,16.6264648438,16.5975780487,1.0810551643,1.0800945759,1.0764719248,18.7243614197,18.6504478455,18.5158672333,1.3702489138,1.3594733477,1.3397879601,14.9540166855,14.8531017303,14.0384111404,0.8800517321,0.8673551083,0.7737717032
160000,6.2960948944,6.2988638878,6.3097629547,2.8304235935,2.8374555111,2.8662123680,7.9307909012,8.0326623917,7.8406476974,4.4439821243,4.5557303429,4.4155511856,3.7300450802,3.7222120762,3.6103808880,0.8266409636,0.8229923248,0.7728478312,8.8126268387,8.9285335541,7.5816102028,0.3145755231,0.3235370815,0.2308250815,16.6560649872,16.6379375458,16.6152286530,1.0839501619,1.0815917253,1.0787839890,18.7591171265,18.6676959991,18.5357799530,1.3753584623,1.3620500565,1.3427149057,15.0152359009,14.9257431030,14.0680084229,0.8867294788,0.8755402565,0.7770425081
161000,5.8582806587,5.8613142967,5.8794398308,2.7041630745,2.7202587128,2.7492904663,7.4308252335,7.5491080284,7.3555531502,4.1912384033,4.3225989342,4.1758146286,3.6745171547,3.6684956551,3.5685560703,0.8030602932,0.8001784682,0.7555941939,8.5709218979,8.6568403244,7.4437665939,0.2987280190,0.3052729666,0.2224638462,16.6352386475,16.6244621277,16.6038627625,1.0812414885,1.0798370838,1.0772927999,18.7472000122,18.6725521088,18.5498371124,1.3735560179,1.3626512289,1.3446993828,14.8466291428,14.7671566010,13.9700088501,0.8673635721,0.8574199080,0.7661618590
162000,6.2272844315,6.2273373604,6.2551407814,2.8276147842,2.8304107189,2.8763177395,7.8401479721,7.9371247292,7.7643475533,4.4155941010,4.5192313194,4.3937687874,3.7110483646,3.7059473991,3.6005566120,0.8183757663,0.8159188628,0.7688176036,8.7413816452,8.8515005112,7.5377187729,0.3096292615,0.3180205226,0.2280702740,16.6584243774,16.6493740082,16.6166553497,1.0842691660,1.0830849409,1.0789750814,18.7709503174,18.7016372681,18.5589122772,1.3770970106,1.3669631481,1.3460909128,14.9479951859,14.8755083084,14.0400228500,0.8788397908,0.8696358204,0.7738909721
163000,6.0925211906,6.0955495834,6.1425848007,2.8195681572,2.8330674171,2.8920452595,7.6725149155,7.7891430855,7.6176505089,4.3552279472,4.4816040993,4.3601350784,3.6827666759,3.6789464951,3.5771076679,0.8061339259,0.8043265939,0.7589614987,8.6107959747,8.7145681381,7.4398322105,0.3009021580,0.3087067902,0.2220623791,16.6543846130,16.6417369843,16.6177883148,1.0837490559,1.0820990801,1.0791262388,18.7827911377,18.7083339691,18.5798339844,1.3788259029,1.3679541349,1.3491080999,14.8973760605,14.8159351349,13.9769811630,0.8732410073,0.8630686998,0.7670515180
164000,6.0245175362,6.0228133202,6.0513381958,2.7490067482,2.7567601204,2.8045861721,7.6180305481,7.6951198578,7.5448031425,4.2830929756,4.3751244545,4.2716999054,3.6920297146,3.6840612888,3.5829484463,0.8105162382,0.8068048358,0.7616085410,8.6789550781,8.7699728012,7.5040588379,0.3059018850,0.3129960597,0.2261927724,16.6667957306,16.6545448303,16.6292572021,1.0853674412,1.0837661028,1.0806174278,18.8106594086,18.7322578430,18.5992946625,1.3829467297,1.3714652061,1.3519334793,14.8299255371,14.7664871216,13.9321908951,0.8653088212,0.8573926091,0.7620801330
165000,6.1076259613,6.1118059158,6.1207060814,2.7992360592,2.7998209000,2.8413336277,7.6972789764,7.8155527115,7.6306648254,4.3258118629,4.4631772041,4.3319320679,3.7073233128,3.6980850697,3.5915908813,0.8173953891,0.8130679727,0.7653070688,8.7247028351,8.8357801437,7.5457620621,0.3094027042,0.3178632557,0.2290662825,16.6727199554,16.6640987396,16.6314373016,1.0861512423,1.0850199461,1.0809131861,18.8364162445,18.7534675598,18.6006240845,1.3867915869,1.3746285439,1.3521559238,14.8931055069,14.7867031097,13.9815855026,0.8728747964,0.8596678972,0.7677848339
166000,6.6975932121,6.7014508247,6.7325501442,3.0351188183,3.0499336720,3.1037139893,8.3358812332,8.4559221268,8.2638797760,4.7258777618,4.8615508080,4.7258133888,3.7493369579,3.7417278290,3.6302103996,0.8342773318,0.8307395577,0.7808480263,8.9244146347,9.0180654526,7.6233277321,0.3216605783,0.3288941681,0.2333018631,16.7084331512,16.6891765594,16.6612720490,1.0908147097,1.0882905722,1.0848172903,18.8632888794,18.7655868530,18.6185894012,1.3907718658,1.3764318228,1.3548427820,14.9799556732,14.9062671661,13.9942588806,0.8821555972,0.8730082512,0.7691468000
167000,6.4124794006,6.4159646034,6.4495968819,2.9668354988,2.9671332836,3.0314078331,8.0443859100,8.1213617325,7.9591040611,4.5932335854,4.6805391312,4.5802912712,3.7222483158,3.7112004757,3.6071166992,0.8232409954,0.8181244731,0.7715559006,8.7934970856,8.8827857971,7.5480895042,0.3135837913,0.3203426301,0.2289963812,16.6960124969,16.6868476868,16.6478576660,1.0891958475,1.0879944563,1.0830596685,18.8730010986,18.7890701294,18.6261329651,1.3922293186,1.3799058199,1.3559020758,14.9250812531,14.8354091644,13.9681415558,0.8764307499,0.8653698564,0.7661654353
168000,6.2173705101,6.2187361717,6.2377400398,2.8512799740,2.8583731651,2.8971703053,7.8185334206,7.9180116653,7.7339196205,4.4176673889,4.5301747322,4.3911275864,3.7108104229,3.7038578987,3.5940241814,0.8187109232,0.8154824376,0.7661898136,8.7423658371,8.8557882309,7.5330853462,0.3105567992,0.3193035424,0.2281215936,16.7004947662,16.6826457977,16.6567955017,1.0897870064,1.0874487162,1.0842288733,18.8896560669,18.7946987152,18.6524391174,1.3946720362,1.3807185888,1.3597452641,14.8798475266,14.7936954498,13.9155778885,0.8714027405,0.8605555892,0.7603043318
169000,6.3979539871,6.4010233879,6.4482955933,2.9033033848,2.9075522423,2.9769325256,8.0267772675,8.1170263290,7.9530005455,4.5232319832,4.6278252602,4.5152416229,3.7276828289,3.7156758308,3.6124625206,0.8255421519,0.8199297786,0.7738066316,8.8264570236,8.9035692215,7.5692877769,0.3157287240,0.3216015697,0.2301083654,16.7126693726,16.7007884979,16.6664428711,1.0913794041,1.0898214579,1.0854990482,18.9103851318,18.8202514648,18.6659259796,1.3977741003,1.3845144510,1.3617446423,14.9097204208,14.8003101349,13.9649610519,0.8746182323,0.8611752987,0.7660027146
170000,6.2966680527,6.2947092056,6.3159132004,2.8790502548,2.8840758801,2.9244883060,7.8941211700,8.0107965469,7.8131260872,4.4538054466,4.5767030716,4.4308857918,3.7200775146,3.7134120464,3.6022679806,0.8226318359,0.8194573522,0.7696606517,8.7926492691,8.9018774033,7.5332021713,0.3139300942,0.3221676052,0.2278705984,16.7128295898,16.7000102997,16.6617851257,1.0914169550,1.0897294283,1.0848922729,18.9381504059,18.8485984802,18.6759319305,1.4019547701,1.3887126446,1.3632047176,14.9250535965,14.8249158859,13.9361791611,0.8770847917,0.8645116091,0.7630275488
171000,6.2156972885,6.2164893150,6.2397832870,2.8200812340,2.8179912567,2.8712334633,7.8393940926,7.9370136261,7.7404751778,4.4008526802,4.5088410378,4.3634619713,3.7205619812,3.7091724873,3.6016707420,0.8231341839,0.8177812099,0.7695736289,8.7879066467,8.8995475769,7.5449008942,0.3137631714,0.3223815858,0.2287803143,16.7197132111,16.7098140717,16.6760349274,1.0923095942,1.0910055637,1.0867562294,18.9482936859,18.8590812683,18.7035102844,1.4034203291,1.3902379274,1.3672369719,14.8520259857,14.7336397171,13.8821897507,0.8686270714,0.8538462520,0.7570203543
172000,6.3977947235,6.4000368118,6.4101309776,2.8769748211,2.8901000023,2.9181087017,8.0239238739,8.1313171387,7.9241743088,4.4857916832,4.6033530235,4.4458036423,3.7434093952,3.7356088161,3.6215724945,0.8326567411,0.8290153146,0.7778411508,8.9000072479,9.0086050034,7.6154761314,0.3213489056,0.3297107816,0.2331239730,16.7322139740,16.7197494507,16.6800746918,1.0939518213,1.0923148394,1.0872875452,18.9726562500,18.8810615540,18.7026424408,1.4070810080,1.3935576677,1.3671404123,14.9502725601,14.8569231033,13.9599189758,0.8798420429,0.8683097363,0.7656833529
173000,6.3495492935,6.3454251289,6.3776898384,2.9207780361,2.9181652069,2.9756572247,7.9598212242,8.0490741730,7.8759965897,4.5024256706,4.6030240059,4.4890885353,3.7229533195,3.7127435207,3.6035132408,0.8240506649,0.8192423582,0.7702968121,8.7929849625,8.8976745605,7.5352625847,0.3140718639,0.3220123947,0.2282380909,16.7307147980,16.7174835205,16.6821632385,1.0937644243,1.0920199156,1.0875663757,18.9882850647,18.8904418945,18.7216224670,1.4094145298,1.3949123621,1.3699237108,14.8950300217,14.7907333374,13.9006786346,0.8737472296,0.8606396914,0.7592677474
174000,6.2289700508,6.2305545807,6.2475090027,2.8363208771,2.8593349457,2.8838686943,7.8185720444,7.9231796265,7.7372164726,4.3838062286,4.5009670258,4.3646144867,3.7150187492,3.7111828327,3.5966730118,0.8207337856,0.8188970685,0.7674357891,8.7981309891,8.8936367035,7.5240740776,0.3149501085,0.3224894404,0.2276868522,16.7414836884,16.7229080200,16.6993904114,1.0951812267,1.0927456617,1.0898282528,18.9995136261,18.9093971252,18.7512187958,1.4111236334,1.3978021145,1.3742755651,14.8299818039,14.7700824738,13.8472013474,0.8661206365,0.8586651683,0.7533058524
175000,5.9039936066,5.9094529152,5.9125051498,2.7054636478,2.7119486332,2.7462339401,7.4760446548,7.5562949181,7.3791999817,4.1798763275,4.2726802826,4.1430068016,3.6892886162,3.6810724735,3.5761671066,0.8102333546,0.8063951731,0.7592731714,8.7124958038,8.8128919601,7.4987349510,0.3095403910,0.3173591793,0.2263121307,16.7378292084,16.7292499542,16.6892700195,1.0946949720,1.0935662985,1.0884839296,19.0237312317,18.9432010651,18.7702884674,1.4146177769,1.4026912451,1.3770382404,14.6677122116,14.6036901474,13.7732868195,0.8471854329,0.8393402100,0.7451528311
176000,5.9532299042,5.9547820091,5.9615578651,2.7378010750,2.7516422272,2.7748565674,7.5370774269,7.6110544205,7.4309854507,4.2361831665,4.3193826675,4.1833667755,3.6933910847,3.6838412285,3.5741240978,0.8121129870,0.8076289296,0.7582699656,8.7102117538,8.8028011322,7.4763355255,0.3097406626,0.3169992268,0.2247979939,16.7353782654,16.7262458801,16.6977615356,1.0943747759,1.0931893587,1.0896152258,19.0280609131,18.9446563721,18.7855491638,1.4153782129,1.4030562639,1.3793115616,14.7467222214,14.6559648514,13.7607879639,0.8571204543,0.8460406661,0.7439610958
177000,6.2691860199,6.2744727135,6.2756528854,2.8191387653,2.8375608921,2.8545019627,7.8694396019,7.9634361267,7.7744512558,4.3648586273,4.4719491005,4.3388433456,3.7369370461,3.7293491364,3.6089420319,0.8305943012,0.8270335197,0.7726945877,8.9226818085,9.0273818970,7.5961270332,0.3239509463,0.3323363364,0.2322118282,16.7672634125,16.7464141846,16.7230930328,1.0985640287,1.0958253145,1.0929497480,19.0759963989,18.9692630768,18.8033847809,1.4226068258,1.4067749977,1.3819925785,14.8561706543,14.7777624130,13.8094701767,0.8696358204,0.8598701358,0.7493567467
178000,5.9999599457,6.0066313744,6.0017719269,2.7180848122,2.7277023792,2.7376837730,7.5982327461,7.6816916466,7.4912281036,4.2110362053,4.2988791466,4.1600928307,3.7198464870,3.7112276554,3.5915329456,0.8239851594,0.8198928833,0.7657693028,8.8052787781,8.9393796921,7.5540313721,0.3167910874,0.3271974921,0.2299000323,16.7545204163,16.7406291962,16.7144050598,1.0969041586,1.0950938463,1.0918102264,19.0904407501,18.9912471771,18.8221035004,1.4247664213,1.4101049900,1.3847537041,14.8209590912,14.7067146301,13.7755393982,0.8662352562,0.8520713449,0.7456828952
179000,6.5950741768,6.5928831100,6.6382694244,3.0224721432,3.0251915455,3.0895822048,8.2150955200,8.2999458313,8.1317682266,4.6526050568,4.7376246452,4.6344089508,3.7458114624,3.7382798195,3.6218879223,0.8335862160,0.8300548196,0.7777650356,8.9152517319,9.0413341522,7.5757107735,0.3224015236,0.3321866095,0.2305236459,16.7827091217,16.7676048279,16.7302417755,1.1006040573,1.0986139774,1.0938954353,19.1053791046,19.0114440918,18.8202819824,1.4270044565,1.4130728245,1.3845380545,14.8919105530,14.8135156631,13.8298768997,0.8735697269,0.8638016582,0.7517815232
180000,5.9897103310,5.9960761070,6.0124464035,2.7141366005,2.7316935062,2.7717325687,7.5645141602,7.6837692261,7.5070290565,4.1950373650,4.3226017952,4.1964173317,3.7016651630,3.6974034309,3.5899279118,0.8154666424,0.8135089278,0.7650724649,8.7532606125,8.8624439240,7.5462069511,0.3125769198,0.3211835325,0.2291975617,16.7744007111,16.7579746246,16.7206935883,1.0995260477,1.0973476171,1.0926347971,19.1082382202,19.0216751099,18.8503322601,1.4273966551,1.4145295620,1.3889088631,14.7012777328,14.6364269257,13.7651844025,0.8519997597,0.8440534472,0.7447694540
181000,6.3278470039,6.3231649399,6.3541421890,2.9078001976,2.9000566006,2.9583723545,7.9402699471,8.0118055344,7.8324785233,4.4952869415,4.5656204224,4.4364495277,3.7220571041,3.7123529911,3.6009764671,0.8237269521,0.8191803098,0.7692034841,8.8080272675,8.9381065369,7.5524106026,0.3152696788,0.3250799179,0.2293130457,16.7848014832,16.7736396790,16.7400875092,1.1008853912,1.0994024277,1.0951942205,19.1400222778,19.0430030823,18.8652343750,1.4321410656,1.4176783562,1.3911703825,14.7836141586,14.6753921509,13.7489509583,0.8612694144,0.8478046060,0.7428310513
182000,5.9443035126,5.9507355690,5.9652523994,2.7292211056,2.7500550747,2.7859282494,7.5037240982,7.6179628372,7.4335956573,4.1971359253,4.3238282204,4.1830334663,3.6898839474,3.6861677170,3.5768368244,0.8105202913,0.8087688684,0.7595592737,8.7074308395,8.8170299530,7.4986634254,0.3096232116,0.3181202114,0.2264757752,16.7844181061,16.7614040375,16.7384166718,1.1008630991,1.0978217125,1.0949797630,19.1450653076,19.0408458710,18.8858547211,1.4329408407,1.4174029827,1.3941907883,14.6747455597,14.6148529053,13.6932573318,0.8489796519,0.8416061997,0.7367879152
183000,6.3134851456,6.3127541542,6.3316330910,2.8752436638,2.8790273666,2.9136192799,7.9097566605,8.0176677704,7.8256726265,4.4293270111,4.5401673317,4.3993859291,3.7314743996,3.7257111073,3.6102240086,0.8279639482,0.8252571821,0.7732549310,8.8671321869,8.9928092957,7.5817270279,0.3198226988,0.3295670748,0.2312322706,16.8056583405,16.7907390594,16.7581920624,1.1036449671,1.1016600132,1.0975761414,19.1652832031,19.0743408203,18.8936023712,1.4360049963,1.4224154949,1.3953856230,14.7959852219,14.7205829620,13.7546701431,0.8628789783,0.8533427715,0.7434975505
184000,6.4363670349,6.4406461716,6.4448943138,2.9015688896,2.9153606892,2.9480702877,8.0523700714,8.1359415054,7.9417028427,4.5024909973,4.5956430435,4.4551181793,3.7481253147,3.7383570671,3.6185371876,0.8351749182,0.8306247592,0.7766056657,8.9807605743,9.1005086899,7.6287312508,0.3275471926,0.3370597363,0.2342039496,16.8312702179,16.8124103546,16.7742176056,1.1070097685,1.1045122147,1.0996906757,19.2270107269,19.1111965179,18.9156551361,1.4452738762,1.4279389381,1.3986624479,14.8045988083,14.7142982483,13.7298641205,0.8636516929,0.8525183797,0.7409387827
185000,5.9320840836,5.9349536896,5.9502220154,2.7175331116,2.7276237011,2.7687103748,7.4988055229,7.5794095993,7.4071912766,4.1903209686,4.2799520493,4.1542143822,3.6899728775,3.6818180084,3.5735256672,0.8106223345,0.8068249226,0.7581715584,8.7378816605,8.8376960754,7.5045900345,0.3114667237,0.3193887472,0.2266630679,16.8049755096,16.7880306244,16.7619457245,1.1035653353,1.1013169289,1.0980806351,19.2012004852,19.1069984436,18.9391231537,1.4413660765,1.4272660017,1.4020859003,14.6482257843,14.5757083893,13.6583433151,0.8460029960,0.8371219039,0.7330089211
186000,6.0846405029,6.0847964287,6.1199603081,2.8184721470,2.8132882118,2.8735828400,7.6455831528,7.7187175751,7.5611691475,4.3004326820,4.3786592484,4.2728581429,3.6933557987,3.6843285561,3.5772101879,0.8117820621,0.8076261282,0.7595323920,8.7181749344,8.8380775452,7.4944291115,0.3098677695,0.3189108372,0.2258994281,16.8161106110,16.8018074036,16.7718734741,1.1050279140,1.1031177044,1.0993829966,19.2282352448,19.1283035278,18.9564132690,1.4454183578,1.4304485321,1.4047001600,14.6206760406,14.5421380997,13.6206541061,0.8428321481,0.8331507444,0.7289701700
187000,6.4724020958,6.4690537453,6.5198802948,2.9302051067,2.9388854504,3.0011844635,8.0625896454,8.1679048538,7.9886159897,4.5056633949,4.6189980507,4.4907221794,3.7390649319,3.7275800705,3.6145060062,0.8309463859,0.8255247474,0.7748181820,8.9107227325,9.0162477493,7.5689859390,0.3225408792,0.3305138946,0.2301825732,16.8250751495,16.8129463196,16.7815742493,1.1062244177,1.1046164036,1.1006891727,19.2337760925,19.1313571930,18.9534454346,1.4464244843,1.4310888052,1.4043325186,14.8390178680,14.7222461700,13.7251834869,0.8679684997,0.8537974358,0.7405778170
188000,6.0626955032,6.0633287430,6.0464296341,2.7423512936,2.7508125305,2.7657773495,7.6575179100,7.7190437317,7.5281491280,4.2539362907,4.3227367401,4.1799373627,3.7243180275,3.7135956287,3.5962491035,0.8258967996,0.8209593296,0.7678405643,8.9102668762,9.0026521683,7.6071162224,0.3241009116,0.3318692744,0.2333915383,16.8373279572,16.8163108826,16.7882671356,1.1078338623,1.1050634384,1.1015594006,19.2812862396,19.1647968292,18.9868831635,1.4535294771,1.4360940456,1.4092563391,14.6819944382,14.5987749100,13.6415548325,0.8500251174,0.8400949240,0.7314103246
189000,5.9620337486,5.9638943672,5.9713811874,2.7357795238,2.7388095856,2.7670569420,7.5385169983,7.6230068207,7.4329910278,4.1973853111,4.2836332321,4.1449904442,3.7085714340,3.6974613667,3.5841219425,0.8193304539,0.8140874505,0.7628282905,8.7750949860,8.8880968094,7.5302696228,0.3151968718,0.3239033222,0.2285292894,16.8188419342,16.8045578003,16.7720279694,1.1054015160,1.1035170555,1.0994141102,19.2813472748,19.1752853394,18.9908370972,1.4535882473,1.4377328157,1.4098579884,14.7047262192,14.5852222443,13.6587791443,0.8536115289,0.8390382528,0.7334705591
190000,6.1050300598,6.1098980904,6.1468534470,2.7826504707,2.7989776134,2.8485627174,7.6682238579,7.7747478485,7.5872077942,4.2706260681,4.3804206848,4.2398810387,3.7086653709,3.7016625404,3.5906445980,0.8185843825,0.8152477741,0.7652749419,8.7782125473,8.8891315460,7.5247588158,0.3143623471,0.3229804337,0.2276777327,16.8378906250,16.8222332001,16.7894382477,1.1079251766,1.1058528423,1.1017234325,19.2975177765,19.1944046021,19.0104942322,1.4560271502,1.4405851364,1.4128268957,14.6600437164,14.5724401474,13.6264371872,0.8479410410,0.8372749686,0.7300025225
191000,6.2941417694,6.3061180115,6.3188562393,2.8757934570,2.8903172016,2.9283251762,7.8910870552,7.9863862991,7.8003396988,4.4124927521,4.5104408264,4.3860001564,3.7313990593,3.7256033421,3.6071329117,0.8285503387,0.8257986307,0.7722448707,8.8792438507,9.0133457184,7.5958814621,0.3217350841,0.3320621550,0.2325876802,16.8511543274,16.8390522003,16.8038501740,1.1096816063,1.1080588102,1.1036310196,19.3207111359,19.2273426056,19.0231952667,1.4596400261,1.4455893040,1.4147560596,14.7160463333,14.6433153152,13.6324558258,0.8543439507,0.8454630375,0.7306300998
192000,6.4928069115,6.4933419228,6.5300016403,2.9336342812,2.9382584095,2.9921298027,8.1157627106,8.2030878067,8.0102252960,4.5336065292,4.6212821007,4.4851455688,3.7536373138,3.7434899807,3.6247467995,0.8375468254,0.8328030705,0.7793335319,8.9967422485,9.1145324707,7.6329770088,0.3289344311,0.3379721344,0.2344552577,16.8602237701,16.8510780334,16.8145980835,1.1108815670,1.1096599102,1.1050660610,19.3329601288,19.2278556824,19.0266132355,1.4615329504,1.4457052946,1.4153059721,14.7910137177,14.6897592545,13.6738586426,0.8628362417,0.8504452109,0.7354528308
193000,6.1681189537,6.1633687019,6.1957769394,2.8442807198,2.8496594429,2.9006609917,7.7184658051,7.8078536987,7.6303486824,4.3275156021,4.4196286201,4.2914643288,3.7079734802,3.7000062466,3.5877377987,0.8184249997,0.8146132827,0.7640600801,8.7940015793,8.9252519608,7.5093750954,0.3156207800,0.3256123662,0.2269007564,16.8611850739,16.8450660706,16.8098926544,1.1110181808,1.1088672876,1.1044334173,19.3563518524,19.2497406006,19.0576896667,1.4650256634,1.4488821030,1.4198800325,14.6155614853,14.5185203552,13.5548954010,0.8430361748,0.8311554193,0.7223929167
194000,5.9811425209,5.9841470718,5.9888033867,2.7035837173,2.7136156559,2.7399356365,7.5609626770,7.6386017799,7.4567494392,4.1694192886,4.2506179810,4.1215596199,3.7155523300,3.7064812183,3.5912966728,0.8223521709,0.8180870414,0.7658877969,8.8429641724,8.9505424500,7.5832033157,0.3200288117,0.3286275268,0.2320433855,16.8717765808,16.8464221954,16.8186683655,1.1124200821,1.1090697050,1.1056045294,19.3900871277,19.2657432556,19.0781269073,1.4701920748,1.4514867067,1.4229677916,14.6149940491,14.5227699280,13.5629615784,0.8434228897,0.8321930766,0.7231807113
195000,6.2628235817,6.2657394409,6.2959790230,2.8617932796,2.8717141151,2.9181342125,7.8472485542,7.9298329353,7.7461338043,4.3853816986,4.4732465744,4.3394179344,3.7253589630,3.7164032459,3.6002810001,0.8258942962,0.8216817975,0.7693195343,8.8749914169,8.9819469452,7.5489125252,0.3210949302,0.3296760619,0.2294664681,16.8767738342,16.8660469055,16.8313636780,1.1130818129,1.1116354465,1.1072890759,19.3984470367,19.2970848083,19.0984611511,1.4714381695,1.4560723305,1.4260437489,14.6250343323,14.5378217697,13.5501785278,0.8438197374,0.8332972527,0.7218162417
196000,6.2521815300,6.2546119690,6.2900023460,2.8411359787,2.8533625603,2.9166202545,7.8328070641,7.9105510712,7.7382802963,4.3654360771,4.4465360641,4.3269252777,3.7227151394,3.7128820419,3.6018931866,0.8247258067,0.8200866580,0.7700502872,8.8928022385,8.9971513748,7.5740661621,0.3224537969,0.3307796419,0.2311317027,16.8969440460,16.8780841827,16.8395423889,1.1157586575,1.1132346392,1.1083685160,19.4348144531,19.3191089630,19.1231403351,1.4770137072,1.4594541788,1.4297477007,14.6157712936,14.5353574753,13.5466508865,0.8430829048,0.8333874941,0.7216648459
197000,6.2873358727,6.2872810364,6.3342003822,2.9250025749,2.9243431091,2.9962210655,7.8690309525,7.9335904121,7.7722291946,4.4604105949,4.5283026695,4.4210853577,3.7062389851,3.6968836784,3.5861732960,0.8173325658,0.8129940033,0.7632741332,8.8091669083,8.9001731873,7.4930858612,0.3163259029,0.3233637214,0.2258861512,16.8804378510,16.8696975708,16.8361930847,1.1135934591,1.1121290922,1.1079373360,19.4206085205,19.3220767975,19.1223278046,1.4748021364,1.4598046541,1.4296236038,14.6132125854,14.5157556534,13.5256872177,0.8425068855,0.8307243586,0.7192783952
198000,6.1459398270,6.1478886604,6.1427321434,2.7831988335,2.7787232399,2.8100564480,7.7376365662,7.8029913902,7.6177635193,4.2881112099,4.3573775291,4.2254438400,3.7306823730,3.7173883915,3.5985820293,0.8288941979,0.8226934075,0.7689067125,8.9180269241,9.0149698257,7.6014957428,0.3250995874,0.3324632347,0.2331417799,16.8976116180,16.8808441162,16.8461589813,1.1158862114,1.1136279106,1.1092605591,19.4779434204,19.3565540314,19.1417827606,1.4837096930,1.4652012587,1.4325412512,14.6199474335,14.5086002350,13.5040779114,0.8440023661,0.8304156661,0.7169885039
199000,5.9224734306,5.9294381142,5.9518523216,2.7243087292,2.7365376949,2.7781560421,7.4769997597,7.5415558815,7.3780488968,4.1665248871,4.2373456955,4.1221652031,3.6880486012,3.6788074970,3.5673830509,0.8103901744,0.8060616255,0.7558975816,8.7616624832,8.8617954254,7.4739975929,0.3140499592,0.3221377432,0.2249916494,16.8811531067,16.8714866638,16.8385047913,1.1136901379,1.1123906374,1.1082435846,19.4675292969,19.3678913116,19.1662788391,1.4819403887,1.4668102264,1.4361759424,14.4837398529,14.4249019623,13.4375228882,0.8280044794,0.8211911321,0.7097836137
200000,5.9386558533,5.9288167953,5.9544219971,2.7258710861,2.7133708000,2.7607204914,7.5226063728,7.5682721138,7.4044523239,4.1935515404,4.2392253876,4.1220355034,3.6976625919,3.6856234074,3.5741832256,0.8146647215,0.8090426326,0.7587251067,8.7710161209,8.8705978394,7.5078439713,0.3148866892,0.3226783872,0.2270562053,16.8753108978,16.8697338104,16.8390235901,1.1129252911,1.1121683121,1.1083192825,19.4545574188,19.3583850861,19.1686515808,1.4800964594,1.4654790163,1.4365720749,14.5406570435,14.4224996567,13.4520874023,0.8354601264,0.8211126328,0.7116369009
